Name,p_2014,p_2015,p_2016,p_2017,p_2018,p_2019,p_2020,p_2021,p_2022
^STI,3027.219970703125,3391.199951171875,2629.110107421875,3046.800048828125,3533.989990234375,3190.169921875,3153.72998046875,2902.52001953125,3249.590087890625
1B0.SI,,0.050000000745058,0.1774999946355819,0.5199999809265137,0.5099999904632568,0.324999988079071,0.2150000035762787,0.1012500002980232,0.0520000010728836
1F2.SI,,,,,0.2800000011920929,0.2549999952316284,0.2399999946355819,0.5299999713897705,0.7300000190734863
1F3.SI,,,,,0.2199999988079071,0.1560000032186508,0.0719999969005584,0.2399999946355819,0.0700000002980232
1R6.SI,,,,,,,,,0.3449999988079071
49B.SI,11.105685234069824,10.53125286102295,6.127274036407471,2.374319076538086,1.9147729873657229,0.6701700091362,0.6701700091362,0.3638060092926025,0.1469999998807907
500.SI,0.3350000083446502,0.3650000095367431,0.3000000119209289,0.3899999856948852,0.4149999916553497,0.3149999976158142,0.324999988079071,0.3050000071525574,0.3799999952316284
528.SI,0.4350000023841858,0.3849999904632568,0.2399999946355819,0.25,0.2549999952316284,0.2249999940395355,0.2450000047683715,0.25,0.2199999988079071
533.SI,0.7799999713897705,0.7300000190734863,0.7200000286102295,0.7099999785423279,0.8100000023841858,0.7549999952316284,0.7400000095367432,0.7049999833106995,0.4850000143051147
543.SI,0.270000010728836,0.2800000011920929,0.2899999916553497,0.2800000011920929,0.2399999946355819,0.2199999988079071,0.2450000047683715,0.2000000029802322,0.209999993443489
544.SI,0.6299999952316284,0.5849999785423279,0.4399999976158142,0.4600000083446502,0.3650000095367431,0.4300000071525574,0.5099999904632568,0.4799999892711639,0.4749999940395355
554.SI,0.2800000011920929,0.3149999976158142,0.1870000064373016,0.1729999929666519,0.1449999958276748,0.1330000013113021,0.0839999988675117,0.0439999997615814,0.0370000004768371
558.SI,0.3020800054073334,0.3296000063419342,0.323199987411499,0.3968000113964081,0.8560000061988831,0.5120000243186951,0.7559999823570251,1.0399999618530271,1.2000000476837158
564.SI,0.4350000023841858,0.574999988079071,0.6299999952316284,0.699999988079071,1.1399999856948853,0.8949999809265137,1.0499999523162842,0.9850000143051147,1.309999942779541
566.SI,0.3100000023841858,0.2549999952316284,0.2750000059604645,0.2249999940395355,0.2150000035762787,0.1940000057220459,0.1700000017881393,0.1609999984502792,0.1560000032186508
569.SI,0.0790000036358833,0.0700000002980232,0.1159999966621398,0.1049999967217445,0.1089999973773956,0.0839999988675117,0.1199999973177909,0.270000010728836,0.2199999988079071
570.SI,0.3600000143051147,0.4250000119209289,0.5450000166893005,0.6499999761581421,0.4650000035762787,0.2300000041723251,0.1049999967217445,0.0710000023245811,0.1389999985694885
573.SI,0.5699999928474426,0.4300000071525574,0.4000000059604645,0.4900000095367431,0.4399999976158142,0.5099999904632568,0.5249999761581421,0.4799999892711639,0.5699999928474426
575.SI,0.0610000006854534,0.0560000017285347,0.0359999984502792,0.0430000014603138,0.0850000008940696,0.0480000004172325,0.0439999997615814,0.0340000018477439,0.0280000008642673
579.SI,0.0209999997168779,0.0120000001043081,0.003000000026077,0.0080000003799796,0.0089999996125698,0.0040000001899898,0.0040000001899898,0.0549999997019767,0.0280000008642673
596.SI,0.1299999952316284,0.0850000008940696,0.0520000010728836,0.0480000004172325,0.0599999986588954,0.0350000001490116,0.0179999992251396,0.0189999993890523,0.0299999993294477
5AB.SI,0.2000000029802322,0.3650000095367431,0.2750000059604645,0.1860000044107437,0.270000010728836,0.1080000028014183,0.0780000016093254,0.1099999994039535,0.0879999995231628
5AU.SI,0.209999993443489,0.2000000029802322,0.2750000059604645,0.2450000047683715,0.2549999952316284,0.1909999996423721,0.1720000058412552,0.1689999997615814,0.1679999977350235
5CF.SI,0.324999988079071,0.209999993443489,0.2150000035762787,0.3300000131130218,0.3400000035762787,0.2199999988079071,0.1930000036954879,0.1759999990463256,0.1909999996423721
5CP.SI,0.7250000238418579,1.0916659832000732,0.5550000071525574,0.5799999833106995,0.5699999928474426,0.4850000143051147,0.375,0.2649999856948852,0.2349999994039535
5DD.SI,0.5400000214576721,0.6150000095367432,0.800000011920929,0.8799999952316284,2.289999961853028,1.6799999475479126,1.7999999523162842,3.640000104904175,3.309999942779541
5DM.SI,0.3650000095367431,0.25,0.1309999972581863,0.163000002503395,0.1560000032186508,0.1199999973177909,0.1080000028014183,0.0700000002980232,0.0680000036954879
5DO.SI,0.5,0.5799999833106995,0.4149999916553497,0.3300000131130218,0.2000000029802322,0.1449999958276748,0.0799999982118606,0.1430000066757202,0.0939999967813491
5DP.SI,0.43333300948143,0.4233329892158508,0.3066659867763519,0.2599999904632568,0.4000000059604645,0.3100000023841858,0.3000000119209289,0.1909999996423721,0.2949999868869781
5GD.SI,0.1309999972581863,0.1459999978542328,0.2649999856948852,0.75,0.6050000190734863,0.4000000059604645,0.5099999904632568,0.8899999856948853,0.4250000119209289
5GI.SI,0.3799999952316284,0.164000004529953,0.0560000017285347,0.0820000022649765,0.0719999969005584,0.0340000018477439,0.0610000006854534,0.0419999994337558,0.0419999994337558
5GJ.SI,0.2377769947052002,0.2972219884395599,0.1129439994692802,0.0426010005176067,0.0495369993150234,0.0350000001490116,0.0370000004768371,0.0280000008642673,0.0199999995529651
5IC.SI,0.3700000047683716,0.3400000035762787,0.3149999976158142,0.3149999976158142,0.4449999928474426,0.3799999952316284,0.3899999856948852,0.3700000047683716,0.3799999952316284
5IG.SI,0.2599999904632568,0.2450000047683715,0.2199999988079071,0.1180000007152557,0.1309999972581863,0.1309999972581863,0.1169999986886978,0.1340000033378601,0.1289999932050705
5JK.SI,0.7900000214576721,0.8299999833106995,0.6800000071525574,0.6949999928474426,0.9300000071525574,0.8650000095367432,0.7799999713897705,0.6349999904632568,0.6399999856948853
5JS.SI,0.7699999809265137,0.7099999785423279,0.4300000071525574,0.5350000262260437,0.4000000059604645,0.2199999988079071,0.3199999928474426,0.3050000071525574,0.3000000119209289
5KI.SI,0.2450000047683715,0.2150000035762787,0.1879999935626983,0.1860000044107437,0.1580000072717666,0.1700000017881393,0.1469999998807907,0.0989999994635582,0.0780000016093254
5LY.SI,0.375,0.2800000011920929,0.1879999935626983,0.0450000017881393,0.0590000003576278,0.0199999995529651,0.0209999997168779,0.0179999992251396,0.0270000007003545
5MZ.SI,0.9200000166893004,0.959999978542328,0.6449999809265137,0.6100000143051147,0.6349999904632568,0.5099999904632568,0.375,0.25,0.2349999994039535
5NF.SI,0.4933330118656158,0.449999988079071,0.2199999988079071,0.1500000059604644,0.1150000020861625,0.0869999974966049,0.0839999988675117,0.0469999983906745,0.0289999991655349
5NV.SI,0.1612289994955063,0.1345169991254806,0.032999999821186,0.0299999993294477,0.0790000036358833,0.0710000023245811,0.0689999982714653,0.0560000017285347,0.0700000002980232
5PC.SI,0.3499999940395355,0.2949999868869781,0.270000010728836,0.2949999868869781,0.270000010728836,0.2349999994039535,0.2199999988079071,0.164000004529953,0.1550000011920929
5SO.SI,0.3149999976158142,0.2949999868869781,0.324999988079071,0.4099999964237213,0.2750000059604645,0.2049999982118606,0.1519999951124191,0.090999998152256,0.0949999988079071
5SR.SI,1.7450000047683716,1.840000033378601,1.7599999904632568,1.0800000429153442,0.9350000023841858,0.8500000238418579,0.75,0.7850000262260437,0.7200000286102295
5TT.SI,0.413332998752594,0.3700000047683716,0.4850000143051147,0.4300000071525574,0.6600000262260437,0.550000011920929,0.4600000083446502,0.3199999928474426,0.3799999952316284
5UX.SI,0.3977270126342773,0.3863629996776581,0.3181810081005096,0.3522720038890838,0.5791659951210022,0.3000000119209289,0.3499999940395355,0.2249999940395355,0.1809999942779541
5VJ.SI,0.7400000095367432,0.550000011920929,0.7049999833106995,0.699999988079071,0.6600000262260437,0.4799999892711639,0.4550000131130218,0.2949999868869781,0.2300000041723251
5VS.SI,0.1909999996423721,0.2199999988079071,0.1800000071525573,0.181999996304512,0.1659999936819076,0.1650000065565109,0.1420000046491623,0.1400000005960464,0.1800000071525573
8A1.SI,0.3458330035209656,0.2485670000314712,0.75,1.0,0.449999988079071,0.1500000059604644,0.1500000059604644,0.1490000039339065,0.0850000008940696
8AZ.SI,,,,,,,,,0.8450000286102295
9CI.SI,,,,,,,,,3.450000047683716
A04.SI,0.702364981174469,0.4253759980201721,0.331396996974945,0.1490000039339065,0.125,0.0700000002980232,0.0439999997615814,0.0299999993294477,0.0579999983310699
A17U.SI,2.0818099975585938,2.404344081878662,2.269742965698242,2.406709909439087,2.7002110481262207,2.680644989013672,3.150000095367432,3.0799999237060547,2.759999990463257
A26.SI,0.4650000035762787,0.6499999761581421,0.4199999868869781,0.449999988079071,0.3849999904632568,0.25,0.2349999994039535,0.2199999988079071,0.2549999952316284
A30.SI,0.4157060086727142,0.3863619863986969,0.2949999868869781,0.3050000071525574,0.2450000047683715,0.2000000029802322,0.1519999951124191,0.1369999945163726,0.1129999980330467
A31.SI,0.0590899996459484,0.0807569995522499,0.0344690009951591,0.0359999984502792,0.0439999997615814,0.0240000002086162,0.0270000007003545,0.0230000000447034,0.0120000001043081
A33.SI,0.0641660019755363,0.0149999996647238,0.0020000000949949,0.0020000000949949,0.0049999998882412,0.0020000000949949,0.003000000026077,0.0049999998882412,0.0040000001899898
A34.SI,0.5199999809265137,0.5400000214576721,0.4199999868869781,0.4050000011920929,0.5400000214576721,0.4399999976158142,0.4250000119209289,0.4000000059604645,0.3549999892711639
A50.SI,0.2849999964237213,0.2000000029802322,0.1490000039339065,0.1199999973177909,0.1289999932050705,0.0780000016093254,0.0610000006854534,0.0489999987185001,0.0829999968409538
A55.SI,0.2199999988079071,0.2000000029802322,0.1949999928474426,0.1860000044107437,0.1780000030994415,0.1689999997615814,0.1490000039339065,0.1330000013113021,0.1550000011920929
A7RU.SI,0.4606870114803314,0.5342010259628296,0.454270988702774,0.4888350069522857,0.5629010200500488,0.5036479830741882,0.5249999761581421,0.5550000071525574,0.5600000023841858
ACV.SI,,0.8490530252456665,0.6972669959068298,0.6650000214576721,0.8100000023841858,0.7350000143051147,0.6899999976158142,0.5049999952316284,0.4449999928474426
ADN.SI,,1.104544997215271,1.1181809902191162,1.213636040687561,1.2909090518951416,1.2899999618530271,1.3600000143051147,1.309999942779541,1.3200000524520874
AGS.SI,0.5466660261154175,0.7350000143051147,0.7400000095367432,0.6299999952316284,0.6700000166893005,0.625,0.7699999809265137,0.7900000214576721,1.8899999856948853
AIY.SI,,1.2799999713897705,1.2350000143051147,0.8500000238418579,0.9300000071525574,1.1299999952316284,1.0199999809265137,5.510000228881836,6.239999771118164
AJ2.SI,0.0350000001490116,0.0240000002086162,0.0379999987781047,0.0340000018477439,0.0509999990463256,0.0570000000298023,0.0109999999403953,0.025000000372529,0.0680000036954879
AJBU.SI,,0.9949129819869996,0.965934991836548,1.1734730005264282,1.4042400121688845,1.4140599966049194,2.259999990463257,2.9800000190734863,2.140000104904175
AP4.SI,0.1850000023841858,0.2874999940395355,0.5299999713897705,0.4399999976158142,0.5649999976158142,0.5600000023841858,0.5249999761581421,1.5,0.7049999833106995
AU8U.SI,1.313784956932068,1.7069259881973269,1.4033620357513428,1.4133150577545166,1.682042956352234,1.4929380416870115,1.5499999523162842,1.3799999952316284,1.1799999475479126
AUE.SI,1.0,0.5,0.800000011920929,0.5199999809265137,0.4449999928474426,0.2450000047683715,0.1700000017881393,0.1620000004768371,0.3000000119209289
AVM.SI,,,0.675000011920929,0.7350000143051147,0.8799999952316284,0.9049999713897704,0.949999988079071,1.0099999904632568,0.9800000190734864
AVX.SI,0.449999988079071,0.3499999940395355,0.0710000023245811,0.061999998986721,0.4799999892711639,0.4149999916553497,0.2899999916553497,0.2849999964237213,0.3050000071525574
AW9U.SI,1.0399999618530271,1.315000057220459,1.1699999570846558,1.2699999809265137,1.409999966621399,1.090000033378601,1.0099999904632568,0.2150000035762787,0.3050000071525574
AWC.SI,0.8600000143051147,0.5600000023841858,0.5,0.3400000035762787,0.699999988079071,0.8450000286102295,0.8999999761581421,0.6800000071525574,0.625
AWE.SI,1.1799999475479126,0.9300000071525574,1.0950000286102295,0.5,0.8500000238418579,0.5600000023841858,0.4699999988079071,0.4799999892711639,0.6899999976158142
AWG.SI,1.3700000047683716,1.090000033378601,0.800000011920929,0.5799999833106995,0.8999999761581421,0.7699999809265137,0.8650000095367432,0.9649999737739564,1.0800000429153442
AWI.SI,0.5600000023841858,0.4799999892711639,0.2000000029802322,0.2199999988079071,0.5099999904632568,0.4250000119209289,0.4799999892711639,0.4300000071525574,0.5550000071525574
AWK.SI,2.049999952316284,0.800000011920929,0.449999988079071,0.7200000286102295,0.7799999713897705,0.7200000286102295,0.800000011920929,0.6499999761581421,0.8500000238418579
AWM.SI,0.9300000071525574,0.8500000238418579,1.0,0.7049999833106995,1.3899999856948853,1.559999942779541,1.0,0.6000000238418579,0.2750000059604645
AWS.SI,0.7599999904632568,0.4300000071525574,0.1340000033378601,0.164000004529953,0.1840000003576278,0.1550000011920929,0.1150000020861625,0.1080000028014183,0.1480000019073486
AWV.SI,0.4099999964237213,0.5600000023841858,0.5350000262260437,0.4650000035762787,0.5950000286102295,0.3799999952316284,0.3799999952316284,0.324999988079071,0.4199999868869781
AWX.SI,0.1466660052537918,0.0833330005407333,0.0450000017881393,0.1583330035209655,1.2424999475479126,0.975000023841858,1.899999976158142,3.990000009536743,4.510000228881836
AWZ.SI,0.5199999809265137,0.5920000076293945,0.4799999892711639,0.6299999952316284,0.8600000143051147,0.7200000286102295,0.7699999809265137,1.3300000429153442,1.7699999809265137
AXB.SI,0.8709329962730408,0.6778129935264587,0.3171330094337463,0.1959999948740005,0.3499999940395355,0.1770000010728836,0.1490000039339065,0.0820000022649765,0.0430000014603138
AYN.SI,1.600000023841858,1.7799999713897705,1.0099999904632568,1.059999942779541,1.0800000429153442,0.6299999952316284,0.5950000286102295,0.4449999928474426,0.6349999904632568
AYV.SI,3.200000047683716,1.5,0.6000000238418579,0.270000010728836,0.3050000071525574,0.209999993443489,0.1019999980926513,0.0700000002980232,0.0340000018477439
AZA.SI,1.5299999713897705,1.5299999713897705,1.9450000524520876,0.5400000214576721,0.4149999916553497,0.3300000131130218,0.3050000071525574,0.1400000005960464,0.1280000060796737
AZT.SI,0.6379269957542419,0.2686010003089905,0.1645179986953735,0.1804659962654113,0.1400000005960464,0.2199999988079071,0.0719999969005584,0.4250000119209289,0.0729999989271164
B26.SI,0.1800000071525573,0.2000000029802322,0.2150000035762787,0.2000000029802322,0.2000000029802322,0.2399999946355819,0.2300000041723251,0.2399999946355819,0.3700000047683716
B28.SI,1.159999966621399,1.3700000047683716,1.184999942779541,1.2699999809265137,1.409999966621399,1.2799999713897705,1.190000057220459,0.915000021457672,0.949999988079071
B49.SI,0.3799999952316284,0.3100000023841858,0.3100000023841858,0.2199999988079071,0.209999993443489,0.1400000005960464,0.1899999976158142,0.2000000029802322,0.3449999988079071
B58.SI,0.6050000190734863,0.5249999761581421,0.3700000047683716,0.5049999952316284,0.6200000047683716,0.5899999737739563,0.4050000011920929,0.2599999904632568,0.3149999976158142
B61.SI,5.659999847412109,5.320000171661377,4.380000114440918,4.909999847412109,6.489999771118164,5.610000133514404,4.519999980926514,4.039999961853027,4.989999771118164
B69.SI,0.2371760010719299,0.1959999948740005,0.1599999964237213,0.1940000057220459,0.1299999952316284,0.0700000002980232,0.0820000022649765,0.1369999945163726,0.1850000023841858
B73.SI,0.1620000004768371,0.1500000059604644,0.1309999972581863,0.1379999965429306,0.1500000059604644,0.125,0.1379999965429306,0.1430000066757202,0.1539999991655349
B9S.SI,0.4149999916553497,0.4000000059604645,0.1159999966621398,0.1230000033974647,0.1220000013709068,0.061999998986721,0.0939999967813491,0.0930000022053718,0.0930000022053718
BAZ.SI,0.7799999713897705,0.6499999761581421,0.3000000119209289,0.3549999892711639,0.5099999904632568,0.5099999904632568,0.4000000059604645,0.4099999964237213,0.3600000143051147
BBP.SI,1.0799939632415771,0.7949960231781006,0.3600000143051147,0.3499999940395355,0.4399999976158142,0.2199999988079071,0.1899999976158142,0.2349999994039535,0.2150000035762787
BBW.SI,1.340000033378601,0.959999978542328,0.6499999761581421,0.3050000071525574,0.3350000083446502,0.4399999976158142,0.9399999976158142,1.7999999523162842,7.289999961853027
BCD.SI,1.8799999952316284,0.6299999952316284,0.2750000059604645,0.3549999892711639,0.2049999982118606,0.3400000035762787,0.3000000119209289,0.1759999990463256,0.1800000071525573
BCV.SI,0.3519999980926513,0.3440000116825104,0.1500000059604644,0.1679999977350235,0.1949999928474426,0.1800000071525573,0.1459999978542328,0.209999993443489,0.2249999940395355
BCY.SI,0.7250000238418579,0.8999999761581421,0.9100000262260436,1.1150000095367432,1.4500000476837158,1.5399999618530271,2.559999942779541,2.630000114440918,2.859999895095825
BCZ.SI,0.3000000119209289,0.2583329975605011,0.2199999988079071,0.2000000029802322,0.2049999982118606,0.1550000011920929,0.1289999932050705,0.0700000002980232,0.0900000035762786
BDA.SI,0.3519999980926513,0.5479999780654907,0.5699999928474426,0.8600000143051147,1.100000023841858,0.8399999737739563,0.8299999833106995,0.9300000071525574,0.7900000214576721
BDF.SI,0.4550000131130218,0.574999988079071,0.2649999856948852,0.4099999964237213,0.6399999856948853,0.5899999737739563,0.4000000059604645,0.4850000143051147,1.5199999809265137
BDR.SI,0.6954540014266968,0.6863629817962646,0.5272719860076904,0.5136359930038452,0.9727270007133484,0.5600000023841858,0.4050000011920929,0.4749999940395355,0.6600000262260437
BDU.SI,0.4900000095367431,0.2000000029802322,0.209999993443489,0.25,0.395000010728836,0.2349999994039535,0.1969999969005584,0.1289999932050705,0.0949999988079071
BDX.SI,0.3799999952316284,0.3899999856948852,0.2349999994039535,0.5299999713897705,0.4749999940395355,0.3050000071525574,0.3400000035762787,0.19200000166893,0.1759999990463256
BEC.SI,1.0499999523162842,0.8899999856948853,0.625,0.5049999952316284,1.409999966621399,1.1799999475479126,1.6799999475479126,1.5299999713897705,1.6299999952316284
BEH.SI,0.8999999761581421,0.7200000286102295,0.270000010728836,0.4149999916553497,0.2300000041723251,0.3799999952316284,0.2800000011920929,0.2199999988079071,0.2649999856948852
BEI.SI,0.4639999866485595,0.5080000162124634,0.4550000131130218,0.6000000238418579,0.675000011920929,0.6899999976158142,0.5049999952316284,0.6399999856948853,0.6600000262260437
BEW.SI,0.6918380260467529,0.3327890038490295,0.2303919941186905,0.2858569920063019,0.5418490171432495,0.6549999713897705,0.6150000095367432,0.5649999976158142,0.5199999809265137
BEZ.SI,0.356000006198883,0.7639999985694885,0.123999997973442,0.0900000035762786,0.096000000834465,0.0560000017285347,0.0590000003576278,0.0570000000298023,0.0799999982118606
BFI.SI,0.4099999964237213,0.3400000035762787,0.209999993443489,0.2249999940395355,0.3899999856948852,0.2750000059604645,0.1800000071525573,0.1480000019073486,0.1299999952316284
BFK.SI,0.3799999952316284,0.4000000059604645,0.4000000059604645,0.4399999976158142,0.2349999994039535,0.2300000041723251,0.3449999988079071,0.270000010728836,0.1220000013709068
BFT.SI,0.675000011920929,0.5799999833106995,0.25,0.1609999984502792,0.1899999976158142,0.125,0.1449999958276748,0.1700000017881393,0.0640000030398368
BFU.SI,0.5400000214576721,0.4350000023841858,0.3549999892711639,0.2750000059604645,0.25,0.1500000059604644,0.1059999987483024,0.0900000035762786,0.3499999940395355
BHD.SI,0.5600000023841858,0.5920000076293945,0.6800000071525574,0.5899999737739563,0.3199999928474426,0.2399999946355819,0.0820000022649765,0.0430000014603138,0.0419999994337558
BHK.SI,0.9200000166893004,0.7049999833106995,0.6549999713897705,0.5849999785423279,0.5400000214576721,0.3199999928474426,0.2349999994039535,0.1809999942779541,0.2399999946355819
BHU.SI,0.449999988079071,0.449999988079071,0.4300000071525574,0.5899999737739563,0.699999988079071,0.625,0.5299999713897705,0.550000011920929,0.4550000131130218
BIP.SI,0.5249999761581421,0.4950000047683716,0.3100000023841858,0.3400000035762787,0.375,0.1480000019073486,0.1190000027418136,0.0970000028610229,0.0920000001788139
BIX.SI,,,0.2849999964237213,0.3899999856948852,0.7699999809265137,0.4600000083446502,0.3899999856948852,0.3300000131130218,0.3199999928474426
BJD.SI,0.5689280033111572,0.4917849898338318,0.2892850041389465,0.2121420055627823,0.1398209929466247,0.0983569994568824,0.1059999987483024,0.0820000022649765,0.0640000030398368
BJW.SI,1.559999942779541,1.0399999618530271,0.9200000166893004,0.6000000238418579,0.4699999988079071,0.7799999713897705,2.430000066757202,2.859999895095825,3.299999952316284
BJZ.SI,0.1883330047130584,0.1416659951210022,0.1266659945249557,0.2733330130577087,0.7900000214576721,0.7400000095367432,0.5600000023841858,0.574999988079071,0.699999988079071
BKA.SI,1.024999976158142,0.8700000047683716,0.5299999713897705,0.3499999940395355,0.4950000047683716,0.3499999940395355,0.2649999856948852,0.3300000131130218,0.4149999916553497
BKK.SI,0.4600000083446502,0.3400000035762787,0.4000000059604645,0.4099999964237213,0.3549999892711639,0.5299999713897705,0.2199999988079071,0.2199999988079071,0.270000010728836
BKV.SI,2.75,1.399999976158142,0.6600000262260437,0.6499999761581421,0.25,0.1650000065565109,0.0689999982714653,0.1000000014901161,0.2599999904632568
BKW.SI,0.5099999904632568,0.3300000131130218,0.2199999988079071,0.2049999982118606,0.3549999892711639,0.2649999856948852,0.209999993443489,0.2000000029802322,0.0879999995231628
BKX.SI,0.9449999928474426,0.675000011920929,0.75,0.6000000238418579,0.6000000238418579,0.4000000059604645,0.8999999761581421,0.7799999713897705,0.7200000286102295
BKZ.SI,0.324999988079071,0.5,0.5,0.1400000005960464,0.1700000017881393,0.1500000059604644,0.3000000119209289,0.699999988079071,0.1570000052452087
BLA.SI,1.1299999952316284,1.1799999475479126,0.6700000166893005,0.4250000119209289,0.75,0.4650000035762787,0.3600000143051147,0.3549999892711639,0.5649999976158142
BLH.SI,0.5454540252685547,0.5363630056381226,0.3090899884700775,0.4272719919681549,0.509090006351471,0.4818179905414581,0.4681810140609741,0.4727270007133484,0.4449999928474426
BLR.SI,1.129241943359375,0.4283330142498016,0.1899999976158142,0.4300000071525574,0.4900000095367431,0.5,0.2000000029802322,0.125,0.1280000060796737
BLS.SI,1.5299999713897705,1.5099999904632568,1.309999942779541,1.534999966621399,2.0199999809265137,1.6399999856948853,1.7400000095367432,1.649999976158142,2.109999895095825
BLU.SI,0.4528599977493286,0.3978390097618103,0.2962630093097687,0.2300000041723251,0.1979999989271164,0.0970000028610229,0.1930000036954879,0.1500000059604644,0.0750000029802322
BLW.SI,0.2980000078678131,0.3400000035762787,0.2599999904632568,0.3350000083446502,0.3549999892711639,0.1899999976158142,0.1500000059604644,0.135000005364418,0.1800000071525573
BMGU.SI,,,0.800000011920929,0.6499999761581421,0.7699999809265137,0.699999988079071,0.6549999713897705,0.550000011920929,0.5649999976158142
BN2.SI,0.2363629937171936,0.3409090042114258,0.3499999940395355,0.5,0.949999988079071,0.7049999833106995,0.7300000190734863,0.6349999904632568,0.5249999761581421
BN4.SI,10.399999618530272,8.699999809265137,5.019999980926514,6.170000076293945,8.670000076293945,6.099999904632568,6.679999828338623,5.010000228881836,5.650000095367432
BNE.SI,0.9200000166893004,0.8399999737739563,0.4399999976158142,0.4350000023841858,0.2450000047683715,0.1400000005960464,0.1410000026226043,0.1280000060796737,0.1650000065565109
BOU.SI,1.7599999904632568,0.8199999928474426,0.3100000023841858,0.1469999998807907,0.0799999982118606,0.050000000745058,0.0399999991059303,0.0219999998807907,0.0209999997168779
BPF.SI,0.4799999892711639,0.4799999892711639,0.3050000071525574,0.3100000023841858,0.4350000023841858,0.4000000059604645,0.3400000035762787,0.3849999904632568,0.4900000095367431
BQC.SI,0.959999978542328,0.3199999928474426,0.6000000238418579,0.5099999904632568,0.6549999713897705,0.4850000143051147,0.3499999940395355,0.2300000041723251,0.1299999952316284
BQD.SI,1.5201059579849243,0.5588619709014893,0.3800260126590729,0.4783860146999359,0.3353169858455658,0.1459999978542328,0.1230000033974647,0.1800000071525573,0.1260000020265579
BQF.SI,1.159999966621399,0.9200000166893004,0.4399999976158142,0.2899999916553497,0.2599999904632568,0.1899999976158142,0.1299999952316284,0.1330000013113021,0.0900000035762786
BQM.SI,0.6800000071525574,0.4600000083446502,0.2800000011920929,0.2549999952316284,0.3499999940395355,0.270000010728836,0.449999988079071,0.4350000023841858,0.4699999988079071
BQN.SI,0.4502539932727813,0.5198060274124146,0.292847990989685,0.1921810060739517,0.2516660094261169,0.0799999982118606,0.0850000008940696,0.2549999952316284,0.2300000041723251
BQP.SI,0.5839999914169312,0.5519999861717224,0.5960000157356262,0.6000000238418579,0.7200000286102295,0.4000000059604645,0.395000010728836,0.4749999940395355,0.4000000059604645
BRD.SI,0.3600000143051147,0.3240000009536743,0.2520000040531158,0.3100000023841858,0.2450000047683715,0.1199999973177909,0.0599999986588954,0.1099999994039535,0.06700000166893
BRS.SI,0.7623379826545715,0.4199999868869781,0.2800000011920929,0.1089999973773956,0.1899999976158142,0.0700000002980232,0.1199999973177909,0.0610000006854534,0.0560000017285347
BS6.SI,1.149999976158142,1.2400000095367432,0.9300000071525574,0.8050000071525574,1.600000023841858,1.399999976158142,0.949999988079071,0.9850000143051147,1.2899999618530271
BSL.SI,1.0,1.3233330249786377,1.3533329963684082,1.4800000190734863,1.1100000143051147,1.1100000143051147,1.0399999618530271,0.9350000023841858,1.2799999713897705
BTE.SI,0.8199999928474426,0.7960000038146973,0.671999990940094,0.7300000190734863,0.7549999952316284,0.5649999976158142,0.5899999737739563,0.5600000023841858,0.5149999856948853
BTG.SI,0.800000011920929,0.6700000166893005,0.3799999952316284,0.3050000071525574,0.4199999868869781,0.2649999856948852,0.209999993443489,0.1949999928474426,0.3700000047683716
BTJ.SI,1.3080010414123535,1.03200101852417,0.6600000262260437,0.1909999996423721,0.1800000071525573,0.1959999948740005,0.3799999952316284,0.3149999976158142,0.5799999833106995
BTM.SI,0.4230000078678131,0.6899999976158142,0.4020000100135803,0.2399999946355819,0.3549999892711639,0.3000000119209289,0.6399999856948853,0.6499999761581421,0.6050000190734863
BTOU.SI,,,,0.7800890207290649,0.9674599766731262,0.8474739789962769,1.059999942779541,0.7350000143051147,0.6449999809265137
BTP.SI,1.3250000476837158,1.274999976158142,0.875,0.6150000095367432,0.6700000166893005,0.4300000071525574,0.3650000095367431,0.3100000023841858,0.4000000059604645
BTX.SI,0.7099999785423279,0.699999988079071,0.4000000059604645,0.4449999928474426,0.3100000023841858,0.209999993443489,0.2399999946355819,0.209999993443489,0.2300000041723251
BUOU.SI,,,,0.9296669960021972,1.1274689435958862,1.0800000429153442,1.2200000286102295,1.440000057220459,1.3700000047683716
BVA.SI,,,,0.2758330106735229,0.526665985584259,0.5333330035209656,0.663332998752594,2.180000066757202,0.6949999928474426
BVP.SI,0.8100000023841858,1.2599999904632568,1.2200000286102295,1.6150000095367432,1.7400000095367432,1.6699999570846558,1.600000023841858,1.3700000047683716,1.0399999618530271
BVQ.SI,,,,0.4000000059604645,0.209999993443489,0.3050000071525574,0.324999988079071,0.3000000119209289,0.2949999868869781
BWCU.SI,,,,0.7099999785423279,0.7850000262260437,0.7250000238418579,0.7200000286102295,0.7250000238418579,0.7200000286102295
BWM.SI,,,,0.7699999809265137,0.6499999761581421,0.5600000023841858,0.5799999833106995,0.699999988079071,0.4449999928474426
BXE.SI,0.2860000133514404,0.4000000059604645,0.277999997138977,0.2599999904632568,0.2549999952316284,0.1800000071525573,0.1780000030994415,0.2800000011920929,0.270000010728836
C04.SI,0.2199999988079071,0.1689999997615814,0.1099999994039535,0.0799999982118606,0.0590000003576278,0.0599999986588954,0.0529999993741512,0.0689999982714653,0.1000000014901161
C05.SI,0.4000000059604645,0.4799999892711639,0.550000011920929,0.7300000190734863,0.7799999713897705,0.7599999904632568,0.7200000286102295,0.7049999833106995,0.7400000095367432
C06.SI,0.0877790004014968,0.0457569994032382,0.0149999996647238,0.0179999992251396,0.0289999991655349,0.0199999995529651,0.0209999997168779,0.0149999996647238,0.0140000004321336
C07.SI,34.04188919067383,41.14205551147461,37.290000915527344,41.34999847412109,39.93000030517578,37.77000045776367,29.21999931335449,21.559999465942383,20.290000915527344
C09.SI,8.75,10.050000190734863,6.960000038146973,9.229999542236328,13.260000228881836,9.1899995803833,10.600000381469728,7.21999979019165,7.050000190734863
C13.SI,0.4199999868869781,0.4950000047683716,0.3799999952316284,0.2450000047683715,0.2549999952316284,0.0810000002384185,0.0599999986588954,0.0740000009536743,0.0480000004172325
C29.SI,0.6949999928474426,0.9100000262260436,0.6449999809265137,0.6650000214576721,1.0099999904632568,0.7049999833106995,0.5849999785423279,0.4250000119209289,0.4300000071525574
C2PU.SI,2.259999990463257,2.430000066757202,2.259999990463257,2.430000066757202,3.0199999809265137,2.869999885559082,3.5799999237060547,4.150000095367432,4.789999961853027
C33.SI,0.2599999904632568,0.2750000059604645,0.2649999856948852,0.2399999946355819,0.3199999928474426,0.324999988079071,0.2249999940395355,0.2049999982118606,0.2199999988079071
C38U.SI,1.870000004768372,2.0899999141693115,1.9900000095367432,1.940000057220459,2.0999999046325684,2.400000095367432,2.5199999809265137,2.140000104904175,1.940000057220459
C41.SI,0.8500000238418579,0.8899999856948853,0.7400000095367432,0.800000011920929,0.8500000238418579,1.0,1.600000023841858,2.0999999046325684,3.799999952316284
C52.SI,1.934999942779541,2.869999885559082,2.8299999237060547,2.4100000858306885,2.0999999046325684,2.3299999237060547,2.1700000762939453,1.5800000429153442,1.3600000143051147
C6L.SI,9.59000015258789,12.649999618530272,11.029999732971191,9.899999618530272,11.3100004196167,9.649999618530272,8.550000190734863,4.110000133514404,5.0
C76.SI,2.0799999237060547,1.75,1.0800000429153442,0.949999988079071,1.2200000286102295,5.449999809265137,2.9200000762939453,2.440000057220459,2.2100000381469727
C9Q.SI,0.0700000002980232,0.0700000002980232,0.0799999982118606,0.1519999951124191,0.2049999982118606,0.1850000023841858,0.1800000071525573,0.1550000011920929,0.2899999916553497
CC3.SI,4.269999980926514,4.179999828338623,3.380000114440918,2.970000028610229,2.890000104904175,1.7799999713897705,1.440000057220459,1.2799999713897705,1.2899999618530271
CEDU.SI,,,,,0.8550000190734863,0.8650000095367432,0.8349999785423279,0.75,0.3149999976158142
CHJ.SI,1.2866660356521606,1.0666660070419312,0.7633330225944519,0.699999988079071,0.8666660189628601,0.7799999713897705,0.7099999785423279,0.6000000238418579,1.1200000047683716
CHZ.SI,,,,,0.8500000238418579,0.7799999713897705,0.5799999833106995,0.550000011920929,0.7599999904632568
CIN.SI,0.2830710113048553,0.1555330008268356,0.2395209968090057,0.2675170004367828,0.1866399943828582,0.0373280011117458,0.0205300003290176,0.0240000002086162,0.0299999993294477
CJLU.SI,,,,,0.8299999833106995,0.7850000262260437,1.0099999904632568,0.9549999833106996,0.9700000286102296
CJN.SI,4.679999828338623,3.25,6.199999809265137,3.299999952316284,2.799999952316284,3.5,2.5999999046325684,2.5999999046325684,2.9600000381469727
CLN.SI,,,,,1.0800000429153442,0.4900000095367431,0.4600000083446502,0.4300000071525574,0.6449999809265137
CMOU.SI,,,,,0.8644689917564392,0.6650000214576721,0.7900000214576721,0.7350000143051147,0.7400000095367432
CNE.SI,,,,,0.7649999856948853,0.5,0.4300000071525574,0.2800000011920929,0.2399999946355819
CRPU.SI,,,,,,0.6399999856948853,0.7950000166893005,0.8199999928474426,0.7950000166893005
CTO.SI,0.5714340209960938,0.4285750091075897,0.1714300066232681,0.3000029921531677,0.2400020062923431,0.2249999940395355,0.1879999935626983,0.1072539985179901,0.0949999988079071
CWBU.SI,,,,,2.731790065765381,2.424999952316284,2.7249999046325684,2.5,2.319999933242798
CY6U.SI,0.6850000023841858,0.8550000190734863,0.800000011920929,1.0499999523162842,1.1399999856948853,1.0800000429153442,1.5800000429153442,1.5099999904632568,1.2999999523162842
D01.SI,9.300000190734863,8.880000114440918,6.170000076293945,8.380000114440918,8.5,9.029999732971191,5.150000095367432,4.309999942779541,2.6700000762939453
D03.SI,0.5764399766921997,0.4288710057735443,0.3499999940395355,0.3400000035762787,0.270000010728836,0.1299999952316284,0.1480000019073486,0.2049999982118606,0.3799999952316284
D05.SI,16.469999313354492,19.790000915527344,14.0600004196167,18.96999931335449,26.399999618530277,23.920000076293945,25.3700008392334,25.18000030517578,35.20000076293945
D5IU.SI,0.4099999964237213,0.3549999892711639,0.3100000023841858,0.3899999856948852,0.4199999868869781,0.2399999946355819,0.2150000035762787,0.0630000010132789,0.0529999993741512
D8DU.SI,0.0829999968409538,0.1360000073909759,0.1340000033378601,0.1550000011920929,0.0930000022053718,0.0460000000894069,0.0740000009536743,0.0900000035762786,0.0810000002384185
DCRU.SI,,,,,,,,,1.1699999570846558
DHLU.SI,,,,,,,,,0.8050000071525574
DM0.SI,0.2300000041723251,0.2800000011920929,0.25,0.2300000041723251,0.324999988079071,0.2199999988079071,0.2049999982118606,0.2750000059604645,0.4000000059604645
DU4.SI,0.4699999988079071,0.3000000119209289,0.1199999973177909,0.1899999976158142,0.1930000036954879,0.0979999974370002,0.0949999988079071,0.0710000023245811,0.0710000023245811
E27.SI,0.0260000005364418,0.0109999999403953,0.0130000002682209,0.0299999993294477,0.0399999991059303,0.0170000009238719,0.0130000002682209,0.1539999991655349,0.0630000010132789
E28.SI,0.2899999916553497,0.2300000041723251,0.2000000029802322,0.2849999964237213,0.6800000071525574,0.4149999916553497,0.8450000286102295,1.3700000047683716,1.6399999856948853
E3B.SI,0.3449999988079071,0.3849999904632568,0.2599999904632568,0.2450000047683715,0.2649999856948852,0.209999993443489,0.2150000035762787,0.2000000029802322,0.1930000036954879
E5H.SI,0.5199999809265137,0.4199999868869781,0.3700000047683716,0.4250000119209289,0.3799999952316284,0.2549999952316284,0.209999993443489,0.1809999942779541,0.2450000047683715
E6R.SI,0.1327079981565475,0.0938429981470108,0.0824680030345916,0.0439999997615814,0.0260000005364418,0.0289999991655349,0.0199999995529651,0.0430000014603138,0.0209999997168779
E8Z.SI,0.5227270126342773,0.4818179905414581,0.436363011598587,0.459089994430542,0.5272719860076904,0.4099999964237213,0.3549999892711639,0.3549999892711639,0.4799999892711639
EB5.SI,1.9900000095367432,1.8650000095367432,1.7450000047683716,1.9299999475479128,1.899999976158142,1.7100000381469729,1.7000000476837158,1.5499999523162842,1.649999976158142
EH5.SI,0.6000000238418579,0.5849999785423279,0.4650000035762787,0.625,0.6800000071525574,0.625,0.7699999809265137,0.7200000286102295,0.6700000166893005
ER0.SI,0.3309090137481689,0.374545007944107,0.4040000140666961,0.4320000112056732,0.800000011920929,0.5199999809265137,0.3899999856948852,0.3449999988079071,0.3400000035762787
F03.SI,0.5,0.3100000023841858,0.2049999982118606,0.5699999928474426,0.675000011920929,0.5400000214576721,0.6449999809265137,0.7250000238418579,0.6650000214576721
F13.SI,0.0769999995827674,0.1019999980926513,0.1580000072717666,0.1959999948740005,0.1990000009536743,0.2049999982118606,0.2549999952316284,0.270000010728836,0.270000010728836
F17.SI,2.200000047683716,1.7999999523162842,1.6950000524520874,1.8350000381469729,2.259999990463257,1.830000042915344,1.830000042915344,1.5700000524520874,1.4900000095367432
F1E.SI,0.6850000023841858,0.7350000143051147,0.5799999833106995,0.5799999833106995,0.6949999928474426,0.574999988079071,0.4300000071525574,0.4000000059604645,0.4449999928474426
F34.SI,3.119999885559082,3.220000028610229,2.8499999046325684,3.880000114440918,3.200000047683716,3.3299999237060547,3.910000085830689,5.269999980926514,4.269999980926514
F83.SI,0.699999988079071,0.5400000214576721,0.3350000083446502,0.2800000011920929,0.4950000047683716,0.3650000095367431,0.2750000059604645,0.270000010728836,0.25
F86.SI,0.171998992562294,0.171998992562294,0.2235990017652511,0.1759999990463256,0.1389999985694885,0.1299999952316284,0.1059999987483024,0.090999998152256,0.0729999989271164
F99.SI,3.490000009536743,2.950000047683716,2.039999961853028,2.0799999237060547,2.559999942779541,1.690000057220459,1.7100000381469729,1.4299999475479126,1.3899999856948853
F9D.SI,1.405331015586853,1.5284570455551147,0.7900000214576721,0.8100000023841858,0.824999988079071,0.7900000214576721,0.7599999904632568,0.8849999904632568,0.9700000286102296
FQ7.SI,0.0489999987185001,0.0070000002160668,0.0070000002160668,0.0219999998807907,0.0199999995529651,0.0049999998882412,0.0040000001899898,0.0040000001899898,0.0020000000949949
G07.SI,17.559999465942383,24.200000762939453,20.049999237060547,20.57999992370605,30.1299991607666,26.149999618530277,21.68000030517578,20.959999084472656,21.100000381469727
G0I.SI,0.3199999928474426,0.2949999868869781,0.3100000023841858,0.3849999904632568,0.4099999964237213,0.3700000047683716,0.3700000047683716,0.3449999988079071,0.3449999988079071
G13.SI,1.3799999952316284,1.0800000429153442,0.7049999833106995,0.9700000286102296,1.350000023841858,1.100000023841858,0.8600000143051147,0.8550000190734863,0.7350000143051147
G20.SI,0.4350000023841858,0.6549999713897705,0.6150000095367432,0.5899999737739563,0.7350000143051147,0.5950000286102295,0.5799999833106995,0.5299999713897705,0.6299999952316284
G41.SI,0.8100000023841858,0.915000021457672,0.7799999713897705,0.8399999737739563,1.1299999952316284,0.875,0.8399999737739563,0.9200000166893004,1.159999966621399
G50.SI,0.2249999940395355,0.2000000029802322,0.25,0.2599999904632568,0.3300000131130218,0.3000000119209289,0.2649999856948852,0.2300000041723251,0.3100000023841858
G92.SI,0.8583329916000366,0.7099999785423279,0.6499999761581421,1.5149999856948853,1.6299999952316284,1.159999966621399,1.149999976158142,1.1299999952316284,0.9350000023841858
H02.SI,8.350000381469727,8.609999656677246,7.710000038146973,9.630000114440918,12.06999969482422,12.399999618530272,12.220000267028809,11.199999809265137,11.609999656677246
H07.SI,0.5799999833106995,0.5649999976158142,0.4900000095367431,0.5099999904632568,0.5149999856948853,0.4900000095367431,0.5,0.3400000035762787,0.3600000143051147
H12.SI,3.0022521018981934,3.631757020950317,3.176577091217041,3.5833330154418945,3.9222970008850098,3.119999885559082,3.0,2.7300000190734863,2.990000009536743
H13.SI,2.0,2.069999933242798,1.8799999952316284,2.220000028610229,2.619999885559082,2.509999990463257,2.289999961853028,2.380000114440918,2.799999952316284
H15.SI,2.990000009536743,4.119999885559082,3.5899999141693115,3.670000076293945,3.819999933242798,3.7699999809265137,3.630000114440918,3.0899999141693115,3.319999933242798
H18.SI,1.0399999618530271,1.3200000524520874,1.159999966621399,1.3899999856948853,1.4900000095367432,1.340000033378601,1.25,1.0099999904632568,1.0299999713897705
H19.SI,0.2899999916553497,0.3400000035762787,0.2649999856948852,0.3050000071525574,0.324999988079071,0.2750000059604645,0.3199999928474426,0.2800000011920929,0.3300000131130218
H20.SI,0.1146190017461776,0.0630000010132789,0.0509999990463256,0.0270000007003545,0.0299999993294477,0.003000000026077,0.0020000000949949,0.0020000000949949,0.003000000026077
H22.SI,1.270656943321228,1.4069730043411257,0.7448679804801941,0.8763149976730347,1.1100000143051147,0.5849999785423279,0.5899999737739563,0.7400000095367432,0.8100000023841858
H30.SI,0.6090899705886841,0.8272719979286194,0.6272720098495483,0.6650000214576721,0.8650000095367432,0.7049999833106995,0.7799999713897705,0.699999988079071,0.7300000190734863
H78.SI,6.019999980926514,7.409999847412109,6.269999980926514,6.75,7.199999809265137,7.170000076293945,5.329999923706055,4.630000114440918,5.400000095367432
HKB.SI,,,,,,,,16.5,12.5
HMN.SI,1.1362190246582031,1.2129260301589966,1.1026599407196045,1.08827805519104,1.2599999904632568,1.190000057220459,1.2599999904632568,1.0499999523162842,1.0199999809265137
I06.SI,0.4350000023841858,0.3499999940395355,0.2849999964237213,0.2450000047683715,0.270000010728836,0.2899999916553497,0.2800000011920929,0.2450000047683715,0.449999988079071
I07.SI,0.5149999856948853,0.209999993443489,0.1879999935626983,0.1979999989271164,0.2300000041723251,0.1990000009536743,0.209999993443489,0.6549999713897705,0.6449999809265137
I11.SI,0.0160000007599592,0.0070000002160668,0.0040000001899898,0.0020000000949949,0.003000000026077,0.0020000000949949,0.0010000000474974,0.0020000000949949,0.0020000000949949
I15.SI,4.349999904632568,4.659999847412109,4.349999904632568,3.660000085830689,3.950000047683716,3.490000009536743,4.630000114440918,4.309999942779541,3.690000057220459
I49.SI,0.4250000119209289,0.449999988079071,0.2949999868869781,0.209999993443489,0.2849999964237213,0.2399999946355819,0.2249999940395355,0.1899999976158142,0.1850000023841858
IX2.SI,0.5450000166893005,0.4550000131130218,0.375,0.5550000071525574,0.6650000214576721,0.574999988079071,0.6000000238418579,0.3849999904632568,0.550000011920929
J03.SI,0.050000000745058,0.0450000017881393,0.0099999997764825,0.0209999997168779,0.0839999988675117,0.0219999998807907,0.0309999994933605,0.0309999994933605,0.0230000000447034
J2T.SI,0.270000010728836,0.3549999892711639,0.3899999856948852,0.4350000023841858,0.5049999952316284,0.3350000083446502,0.3549999892711639,0.2599999904632568,0.2599999904632568
J36.SI,53.58000183105469,64.06999969482422,52.5,61.720001220703125,63.47999954223633,66.81999969482422,55.90999984741211,57.79999923706055,58.84000015258789
J69U.SI,1.698114991188049,2.06770396232605,1.897892951965332,1.9977819919586184,2.2674829959869385,2.2874600887298584,2.880000114440918,2.5899999141693115,2.259999990463257
J85.SI,1.5443880558013916,1.7320239543914795,1.2557179927825928,1.361564040184021,1.8200000524520876,1.6699999570846558,1.559999942779541,1.2300000190734863,1.1299999952316284
J91U.SI,0.6819589734077454,0.6720759868621826,0.5139399766921997,0.5584160089492798,0.5831239819526672,0.5241780281066895,0.5450000166893005,0.395000010728836,0.4250000119209289
JLB.SI,,,,,,,0.2649999856948852,0.4950000047683716,0.9649999737739564
JYEU.SI,,,,,,,0.9200000166893004,0.7699999809265137,0.8199999928474426
K03.SI,2.0999999046325684,2.180000066757202,1.899999976158142,2.009999990463257,2.119999885559082,2.0,1.75,1.4500000476837158,1.4800000190734863
K1Q.SI,0.2800000011920929,0.3350000083446502,0.2599999904632568,0.3549999892711639,0.3400000035762787,0.3000000119209289,0.1850000023841858,0.1560000032186508,0.1710000038146972
K29.SI,0.3400000035762787,0.2849999964237213,0.3100000023841858,0.3300000131130218,0.3300000131130218,0.3300000131130218,0.3199999928474426,0.3199999928474426,0.3000000119209289
K2LU.SI,1.0543919801712036,1.1410540342330933,0.8377360105514526,0.7799609899520874,0.8650000095367432,0.7300000190734863,0.699999988079071,0.699999988079071,0.824999988079071
K6S.SI,16.0,21.51000022888184,19.5,18.899999618530277,27.57999992370605,22.799999237060547,16.0,15.0,17.299999237060547
K71U.SI,1.125,1.2350000143051147,0.8949999809265137,1.0099999904632568,1.2899999618530271,1.1799999475479126,1.2100000381469729,1.2200000286102295,1.1200000047683716
K75.SI,0.2957029938697815,0.3055590093135834,0.2661319971084595,0.270000010728836,0.3400000035762787,0.2249999940395355,0.2150000035762787,0.1589999943971634,0.1609999984502792
KJ5.SI,0.2549999952316284,0.2649999856948852,0.1659999936819076,0.1790000051259994,0.2450000047683715,0.1749999970197677,0.1599999964237213,0.1519999951124191,0.1309999972581863
KUO.SI,,,,,,,0.0170000009238719,0.0630000010132789,0.0280000008642673
L02.SI,0.3042910099029541,0.3269999921321869,0.1026410013437271,0.0817499980330467,0.0817499980330467,0.0219999998807907,0.0299999993294477,0.0549999997019767,0.0410000011324882
L03.SI,0.5249999761581421,0.6299999952316284,0.4250000119209289,0.4650000035762787,0.7699999809265137,0.4900000095367431,0.5,0.4600000083446502,0.5149999856948853
L09.SI,0.4399999976158142,0.5,0.1400000005960464,0.4250000119209289,0.6949999928474426,0.550000011920929,0.449999988079071,0.3899999856948852,0.5899999737739563
L19.SI,0.3449999988079071,0.3549999892711639,0.3400000035762787,0.3499999940395355,0.3849999904632568,0.3600000143051147,0.3549999892711639,0.3799999952316284,0.4149999916553497
L23.SI,0.0700000002980232,0.0560000017285347,0.0719999969005584,0.0680000036954879,0.0399999991059303,0.0419999994337558,0.0189999993890523,0.0890000015497207,0.0700000002980232
L38.SI,0.1410000026226043,0.3449999988079071,0.2049999982118606,0.1650000065565109,0.2150000035762787,0.1679999977350235,0.1599999964237213,0.0680000036954879,0.1030000001192092
LIW.SI,,,,,,,0.5,0.1369999945163726,0.1369999945163726
LJ3.SI,2.239027976989746,2.200000047683716,1.649999976158142,1.830000042915344,2.150000095367432,1.5299999713897705,1.440000057220459,1.1399999856948853,1.3200000524520874
LS9.SI,0.0790000036358833,0.06700000166893,0.0410000011324882,0.050000000745058,0.0260000005364418,0.0399999991059303,0.025000000372529,0.181999996304512,0.0640000030398368
LUY.SI,0.699999988079071,0.949999988079071,0.5099999904632568,0.5099999904632568,0.5099999904632568,0.1899999976158142,0.270000010728836,0.4199999868869781,0.0949999988079071
M01.SI,0.8550000190734863,0.975000023841858,0.8349999785423279,1.059999942779541,1.159999966621399,0.9900000095367432,0.8899999856948853,0.7400000095367432,0.7400000095367432
M04.SI,1.584545016288757,1.5468180179595947,1.350000023841858,1.25,2.1600000858306885,1.9299999475479128,1.690000057220459,1.75,2.1600000858306885
M05.SI,1.1532249450683594,0.9210820198059082,0.4043770134449005,0.3504599928855896,0.3369809985160827,0.1930000036954879,0.2549999952316284,0.2000000029802322,0.2399999946355819
M11.SI,0.0719999969005584,0.1289999932050705,0.2300000041723251,0.1500000059604644,0.3149999976158142,0.3149999976158142,0.0860000029206276,0.06700000166893,0.0540000014007091
M14.SI,0.324999988079071,0.25,0.1949999928474426,0.3199999928474426,0.4199999868869781,0.4449999928474426,0.4350000023841858,0.6200000047683716,0.6850000023841858
M1GU.SI,0.926230013370514,0.7995290160179138,0.5810779929161072,0.3849999904632568,0.4050000011920929,0.4149999916553497,0.4650000035762787,0.3799999952316284,0.4399999976158142
M44U.SI,0.9986860156059264,1.192461013793945,0.9340940117836,1.0434030294418335,1.3700000047683716,1.3700000047683716,1.840000033378601,1.9800000190734863,1.690000057220459
ME8U.SI,1.309999942779541,1.5299999713897705,1.5399999618530271,1.6449999809265137,2.119999885559082,2.0,2.7799999713897705,2.8603739738464355,2.509999990463257
MF6.SI,0.0552860014140605,0.0759999975562095,0.0549999997019767,0.0640000030398368,0.0680000036954879,0.0399999991059303,0.0480000004172325,0.0450000017881393,0.0489999987185001
MR7.SI,0.1059999987483024,0.1180000007152557,0.1790000051259994,0.2800000011920929,0.6150000095367432,0.3799999952316284,0.2949999868869781,0.2349999994039535,0.3849999904632568
MV4.SI,0.4650000035762787,0.3799999952316284,0.2899999916553497,0.324999988079071,0.3000000119209289,0.2399999946355819,0.2399999946355819,0.3600000143051147,0.375
MXNU.SI,,,,,,,,0.6449999809265137,0.6600000262260437
MZH.SI,,,,,,,,4.809999942779541,2.8299999237060547
N01.SI,0.7049999833106995,0.7549999952316284,0.6050000190734863,0.3700000047683716,0.3700000047683716,0.270000010728836,0.270000010728836,0.1860000044107437,0.1110000014305114
N02.SI,1.725000023841858,1.6100000143051147,1.5199999809265137,1.6299999952316284,1.399999976158142,1.1799999475479126,0.8949999809265137,0.7400000095367432,0.8399999737739563
N08.SI,0.2949999868869781,0.2549999952316284,0.209999993443489,0.2849999964237213,0.2649999856948852,0.2249999940395355,0.164000004529953,0.1749999970197677,0.19200000166893
N0Z.SI,0.6000000238418579,0.550000011920929,0.4600000083446502,0.5899999737739563,0.959999978542328,1.0099999904632568,1.0399999618530271,0.8399999737739563,0.800000011920929
N2IU.SI,1.1429040431976318,1.486264944076538,1.3096790313720703,1.5240329504013062,1.6834089756011963,1.7531360387802124,2.3499999046325684,2.069999933242798,1.7999999523162842
N33.SI,1.0,1.0,1.0,1.0,1.0,,,,
NC2.SI,0.4499930143356323,0.5056620240211487,0.3618499934673309,0.9370989799499512,0.5149999856948853,0.6349999904632568,0.5600000023841858,1.3200000524520874,1.159999966621399
NO4.SI,0.375,0.3449999988079071,0.135000005364418,0.1770000010728836,0.1469999998807907,0.1049999967217445,0.123999997973442,0.0989999994635582,0.0939999967813491
NPW.SI,0.2524999976158142,0.2349999994039535,0.1774999946355819,0.3174999952316284,0.3300000131130218,0.2975000143051147,0.2649999856948852,0.6299999952316284,1.0099999904632568
NR7.SI,0.2485570013523101,0.2982690036296844,0.2169229984283447,0.1744419932365417,0.2395190000534057,0.1089999973773956,0.0799999982118606,0.1299999952316284,0.0680000036954879
NS8U.SI,0.8450000286102295,0.7149999737739563,0.4749999940395355,0.4250000119209289,0.4149999916553497,0.25,0.1599999964237213,0.2049999982118606,0.2349999994039535
O08.SI,0.25,0.2549999952316284,0.1899999976158142,0.1490000039339065,0.050000000745058,0.0939999967813491,0.1439999938011169,0.0970000028610229,0.1110000014305114
O10.SI,1.690000057220459,1.684999942779541,1.4700000286102295,1.4700000286102295,1.5,1.2599999904632568,1.1399999856948853,1.0700000524520874,1.100000023841858
O32.SI,1.4800000190734863,1.975000023841858,1.6200000047683716,1.9900000095367432,2.2300000190734863,1.850000023841858,1.7999999523162842,1.590000033378601,1.6799999475479126
O39.SI,9.02603244781494,10.399999618530272,7.920000076293945,9.390000343322754,12.93000030517578,11.510000228881836,10.829999923706056,10.31999969482422,12.470000267028809
O5RU.SI,1.395216941833496,1.4700000286102295,1.3550000190734863,1.3600000143051147,1.3700000047683716,1.3799999952316284,1.4600000381469729,1.2899999618530271,1.3899999856948853
O9E.SI,0.9300000071525574,0.7799999713897705,0.2249999940395355,0.1140000000596046,0.0719999969005584,0.0219999998807907,0.0080000003799796,0.0130000002682209,0.0109999999403953
ODBU.SI,,,,,,,,0.6299999952316284,0.6150000095367432
OU8.SI,0.6100000143051147,0.5950000286102295,0.3549999892711639,0.3549999892711639,0.5249999761581421,0.4050000011920929,0.4550000131130218,0.3600000143051147,0.324999988079071
OV8.SI,0.6000000238418579,0.7250000238418579,0.8349999785423279,0.9300000071525574,0.9300000071525574,1.1100000143051147,1.2300000190734863,1.6200000047683716,1.4900000095367432
OXMU.SI,,,,,,,1.0099999904632568,0.8199999928474426,0.7749999761581421
OYY.SI,,,,,,0.5149999856948853,0.5049999952316284,0.7850000262260437,1.6100000143051147
P15.SI,0.2199999988079071,0.3199999928474426,0.375,0.3400000035762787,0.375,0.3650000095367431,0.3149999976158142,0.324999988079071,0.4050000011920929
P34.SI,3.240000009536743,4.0,2.299999952316284,2.25,1.6399999856948853,1.4500000476837158,0.959999978542328,0.7300000190734863,0.7300000190734863
P36.SI,0.2199999988079071,0.125,0.209999993443489,0.1800000071525573,0.3199999928474426,0.0799999982118606,0.1000000014901161,0.1480000019073486,0.1459999978542328
P40U.SI,0.7649999856948853,0.8299999833106995,0.7350000143051147,0.7649999856948853,0.7699999809265137,0.7149999737739563,0.7350000143051147,0.5249999761581421,0.6200000047683716
P52.SI,0.845221996307373,0.8036540150642395,0.5450059771537781,0.5680999755859375,0.4199999868869781,0.2349999994039535,0.3650000095367431,0.3050000071525574,0.3350000083446502
P74.SI,0.1000000014901161,0.1040000021457672,0.1040000021457672,0.3199999928474426,0.1780000030994415,0.1700000017881393,0.1099999994039535,0.0350000001490116,0.0399999991059303
P7VU.SI,0.8450000286102295,0.7149999737739563,0.4749999940395355,0.4250000119209289,0.4149999916553497,,,,
P8A.SI,1.190000057220459,0.8899999856948853,1.6699999570846558,0.9700000286102296,0.7450000047683716,0.3700000047683716,0.4250000119209289,0.3849999904632568,0.3700000047683716
P8Z.SI,0.9100000262260436,1.0049999952316284,0.6800000071525574,0.800000011920929,0.7450000047683716,0.6899999976158142,0.6800000071525574,0.5199999809265137,0.550000011920929
P9D.SI,0.75,0.6600000262260437,0.3700000047683716,0.6700000166893005,0.5400000214576721,0.4000000059604645,0.3799999952316284,0.449999988079071,0.625
PA3.SI,0.3600000143051147,0.2649999856948852,0.2849999964237213,0.2349999994039535,0.2649999856948852,0.2150000035762787,0.1490000039339065,0.0710000023245811,0.0649999976158142
Q01.SI,0.800000011920929,1.0049999952316284,1.034999966621399,1.4550000429153442,1.1399999856948853,0.699999988079071,0.7699999809265137,0.9200000166893004,0.8849999904632568
Q0F.SI,1.409999966621399,1.909999966621399,2.200000047683716,1.995000004768372,2.0,1.8200000524520876,1.899999976158142,1.690000057220459,2.069999933242798
Q5T.SI,0.7850000262260437,0.8450000286102295,0.6399999856948853,0.6000000238418579,0.7649999856948853,0.6650000214576721,0.6800000071525574,0.5899999737739563,0.5550000071525574
QC7.SI,0.2572459876537323,0.4416660070419311,0.5625,0.5666660070419312,0.5249999761581421,0.4166660010814667,0.3791660070419311,0.3666659891605377,0.5699999928474426
QES.SI,0.125,0.2224999964237213,0.1599999964237213,0.262499988079071,0.5600000023841858,0.6499999761581421,0.4850000143051147,0.4550000131130218,0.4650000035762787
QS9.SI,0.3000000119209289,0.4000000059604645,0.1319999992847442,0.1550000011920929,0.1410000026226043,0.0280000008642673,0.1030000001192092,0.0939999967813491,0.0689999982714653
RE4.SI,0.3199999928474426,0.2049999982118606,0.1220000013709068,0.2549999952316284,0.2599999904632568,0.1990000009536743,0.1420000046491623,0.1840000003576278,0.3650000095367431
RQ1.SI,0.8149999976158142,0.7950000166893005,0.4650000035762787,0.3549999892711639,0.375,0.3000000119209289,0.3350000083446502,0.3100000023841858,0.2549999952316284
RS1.SI,0.0560000017285347,0.0700000002980232,0.0590000003576278,0.0260000005364418,0.0199999995529651,0.025000000372529,0.0199999995529651,0.0189999993890523,0.0099999997764825
RW0U.SI,0.8149999976158142,1.0199999809265137,0.8399999737739563,0.9549999833106996,1.2599999904632568,1.2799999713897705,1.190000057220459,0.9800000190734864,1.0800000429153442
S07.SI,12.479999542236328,10.100000381469728,7.050000190734863,8.489999771118164,19.520000457763672,10.18000030517578,7.650000095367432,6.650000095367432,6.170000076293945
S08.SI,1.3350000381469729,2.140000104904175,1.3350000381469729,1.465000033378601,1.2899999618530271,0.9850000143051147,0.8949999809265137,0.6899999976158142,0.6349999904632568
S19.SI,0.2249999940395355,0.3000000119209289,0.2849999964237213,0.2450000047683715,0.3100000023841858,0.2899999916553497,0.2899999916553497,0.25,0.2800000011920929
S20.SI,3.490000009536743,3.0199999809265137,1.8899999856948853,1.950000047683716,2.319999933242798,2.059999942779541,2.039999961853028,2.2100000381469727,3.130000114440918
S23.SI,1.2004090547561646,1.065000057220459,0.8650000095367432,0.8600000143051147,1.0499999523162842,0.915000021457672,0.8899999856948853,0.8700000047683716,0.8299999833106995
S29.SI,0.4099999964237213,0.3499999940395355,0.2949999868869781,0.2899999916553497,0.3549999892711639,0.2899999916553497,0.209999993443489,0.1800000071525573,0.1860000044107437
S35.SI,1.3350000381469729,1.3049999475479126,1.1799999475479126,1.2200000286102295,1.559999942779541,1.5199999809265137,1.4199999570846558,1.340000033378601,1.5099999904632568
S3N.SI,0.5699999928474426,0.5649999976158142,0.6299999952316284,0.0610000006854534,0.0370000004768371,0.0179999992251396,0.0179999992251396,0.0160000007599592,0.0260000005364418
S41.SI,2.720000028610229,2.630000114440918,2.150000095367432,2.2100000381469727,2.690000057220459,2.619999885559082,2.5999999046325684,2.4200000762939453,2.430000066757202
S44.SI,1.1549999713897705,1.2000000476837158,0.9649999737739564,0.8600000143051147,0.9350000023841858,0.8700000047683716,0.9300000071525574,1.0199999809265137,1.3300000429153442
S51.SI,4.059999942779541,3.0,1.5549999475479126,1.4900000095367432,2.5,1.600000023841858,1.159999966621399,0.1449999958276748,0.0820000022649765
S56.SI,0.1480000019073486,0.2800000011920929,0.1949999928474426,0.1620000004768371,0.2249999940395355,0.1809999942779541,0.1469999998807907,0.2450000047683715,0.5
S58.SI,3.130000114440918,2.9600000381469727,3.890000104904175,5.28000020980835,5.53000020980835,4.840000152587891,4.559999942779541,3.849999904632568,3.910000085830689
S59.SI,4.929999828338623,4.360000133514404,3.4600000381469727,3.490000009536743,3.3399999141693115,2.4800000190734863,2.619999885559082,1.899999976158142,2.140000104904175
S61.SI,1.3049999475479126,1.8799999952316284,1.950000047683716,2.200000047683716,2.539999961853028,2.900000095367432,3.619999885559082,2.950000047683716,2.9100000858306885
S63.SI,3.7899999618530273,3.359999895095825,2.869999885559082,3.299999952316284,3.369999885559082,3.7200000286102295,4.110000133514404,3.7100000381469727,3.7300000190734863
S68.SI,6.849999904632568,7.769999980926514,7.079999923706055,7.420000076293945,8.199999809265137,7.639999866485596,8.699999809265137,9.899999618530272,9.3100004196167
S69.SI,0.1299999952316284,0.1369999945163726,0.1190000027418136,0.1449999958276748,0.1679999977350235,0.0829999968409538,0.0759999975562095,0.0780000016093254,0.1129999980330467
S71.SI,0.1420000046491623,0.1599999964237213,0.1990000009536743,0.3149999976158142,0.9449999928474426,0.449999988079071,0.4600000083446502,0.4799999892711639,0.4000000059604645
S7OU.SI,0.7649999856948853,0.9100000262260436,0.6200000047683716,0.3849999904632568,0.5799999833106995,0.1309999972581863,0.1669999957084655,0.1140000000596046,0.1360000073909759
S7P.SI,0.25,0.2349999994039535,0.2249999940395355,0.2249999940395355,0.1700000017881393,0.0939999967813491,0.0599999986588954,0.0599999986588954,0.061999998986721
S85.SI,0.449999988079071,0.7400000095367432,0.800000011920929,0.7699999809265137,0.8399999737739563,0.7300000190734863,0.5699999928474426,0.5450000166893005,0.4199999868869781
S9B.SI,0.3149999976158142,0.2849999964237213,0.2000000029802322,0.1979999989271164,0.1949999928474426,0.1539999991655349,0.1739999949932098,0.1299999952316284,0.1000000014901161
SK6U.SI,0.9800000190734864,1.0549999475479126,0.9200000166893004,0.9700000286102296,1.0499999523162842,1.0299999713897705,1.059999942779541,0.8349999785423279,0.959999978542328
STG.SI,,,,,,,,,1.190000057220459
T12.SI,0.2649999856948852,0.3700000047683716,0.3449999988079071,0.4399999976158142,0.8299999833106995,0.6200000047683716,0.4950000047683716,0.6299999952316284,0.7599999904632568
T13.SI,0.5699999928474426,0.375,0.1400000005960464,0.1080000028014183,0.1019999980926513,0.0640000030398368,0.0340000018477439,0.025000000372529,0.1759999990463256
T14.SI,0.9700000286102296,0.9350000023841858,0.949999988079071,0.8700000047683716,1.0399999618530271,0.8550000190734863,0.8299999833106995,0.8700000047683716,1.100000023841858
T24.SI,0.2800000011920929,0.4050000011920929,0.3100000023841858,0.3000000119209289,0.4799999892711639,0.395000010728836,0.3100000023841858,0.3149999976158142,0.4449999928474426
T39.SI,3.990000009536743,4.130000114440918,3.559999942779541,3.450000047683716,2.640000104904175,2.509999990463257,2.0199999809265137,1.1799999475479126,2.3299999237060547
T41.SI,0.2399999946355819,0.2599999904632568,0.2450000047683715,0.270000010728836,0.2599999904632568,0.2199999988079071,0.2199999988079071,0.1800000071525573,0.1700000017881393
T43.SI,0.3050000071525574,0.2349999994039535,0.209999993443489,0.2300000041723251,0.3650000095367431,0.5649999976158142,0.1589999943971634,0.0590000003576278,0.1689999997615814
T55.SI,1.715000033378601,1.1699999570846558,0.4399999976158142,0.449999988079071,0.5149999856948853,0.3100000023841858,0.2349999994039535,0.2300000041723251,0.2199999988079071
T6I.SI,0.4449999928474426,0.375,0.2849999964237213,0.2599999904632568,0.3000000119209289,0.2800000011920929,0.3199999928474426,0.3320609927177429,0.3499999940395355
T82U.SI,1.6100000143051147,1.8799999952316284,1.5800000429153442,1.7300000190734863,2.069999933242798,1.9299999475479128,1.840000033378601,1.600000023841858,1.5199999809265137
TCU.SI,,,,,,,,1.309999942779541,1.059999942779541
TQ5.SI,1.4950000047683716,1.7200000286102295,1.649999976158142,1.5750000476837158,2.150000095367432,1.809999942779541,1.7000000476837158,1.2300000190734863,1.1100000143051147
TS0U.SI,0.6321920156478882,0.6401439905166626,0.5544170141220093,0.6160190105438232,0.6600210070610046,0.5,0.5450000166893005,0.3899999856948852,0.4099999964237213
U06.SI,2.930000066757202,3.5199999809265137,3.0,2.8299999237060547,3.369999885559082,2.990000009536743,2.819999933242798,2.3399999141693115,2.5999999046325684
U09.SI,0.25,0.25,0.1580000072717666,0.3149999976158142,0.2599999904632568,0.2049999982118606,0.164000004529953,0.3000000119209289,0.270000010728836
U10.SI,1.6299999952316284,1.5099999904632568,1.3799999952316284,1.274999976158142,1.4299999475479126,1.2400000095367432,1.2100000381469729,1.5,1.6200000047683716
U11.SI,20.0,23.18000030517578,18.09000015258789,20.920000076293945,27.43000030517578,25.190000534057617,25.65999984741211,23.3799991607666,29.959999084472656
U13.SI,4.449999809265137,4.800000190734863,4.46999979019165,4.849999904632568,7.300000190734863,7.25,7.019999980926514,6.699999809265137,6.619999885559082
U14.SI,5.869999885559082,7.21999979019165,5.599999904632568,6.369999885559082,9.149999618530272,6.639999866485596,7.980000019073486,7.320000171661377,7.289999961853027
U77.SI,2.049999952316284,2.619999885559082,1.5499999523162842,1.850000023841858,1.100000023841858,0.4600000083446502,0.324999988079071,0.5400000214576721,0.5600000023841858
U96.SI,5.25,4.309999942779541,2.509999990463257,3.150000095367432,3.400000095367432,2.5899999141693115,2.119999885559082,1.649999976158142,2.2799999713897705
U9E.SI,1.100000023841858,1.1349999904632568,0.4699999988079071,0.4300000071525574,0.4699999988079071,0.3650000095367431,0.3000000119209289,0.2249999940395355,0.3100000023841858
UD1U.SI,,0.7445060014724731,0.6700000166893005,0.7350000143051147,0.8100000023841858,0.7450000047683716,0.8299999833106995,0.6549999713897705,0.6349999904632568
UD2.SI,,0.6249799728393555,0.462583988904953,1.0235899686813354,0.5117949843406677,0.8169040083885193,0.550000011920929,0.8700000047683716,0.6150000095367432
V03.SI,7.400000095367432,8.130000114440918,7.800000190734863,10.1899995803833,23.059999465942383,16.260000228881836,16.329999923706055,19.84000015258789,17.600000381469727
VL6.SI,,,,,,0.6299999952316284,0.7350000143051147,0.6650000214576721,0.7649999856948853
VTA.SI,,,,,,,,,5.0
W05.SI,1.7300000190734863,1.830000042915344,1.534999966621399,1.7350000143051147,2.4200000762939453,2.049999952316284,2.0,1.899999976158142,1.7599999904632568
WJP.SI,1.3624999523162842,1.5924999713897705,1.475000023841858,1.4175000190734863,1.4674999713897705,1.5225000381469729,1.9299999475479128,2.1600000858306885,2.0299999713897705
XJB.SI,,,,,,,,0.6800000071525574,0.5
XZL.SI,,,,,,,0.8500000238418579,0.4749999940395355,0.4850000143051147
Y03.SI,2.140000104904175,1.7450000047683716,1.2999999523162842,1.399999976158142,1.2300000190734863,0.9300000071525574,0.915000021457672,0.7699999809265137,0.8949999809265137
Y06.SI,0.0230000000447034,0.3499999940395355,0.4000000059604645,0.2000000029802322,0.1800000071525573,0.1800000071525573,0.0350000001490116,0.0359999984502792,0.0149999996647238
Y35.SI,0.0460000000894069,0.0240000002086162,0.3050000071525574,0.1889999955892563,0.0769999995827674,0.0020000000949949,0.003000000026077,0.0340000018477439,0.0170000009238719
Y3D.SI,0.8639990091323853,0.4799990057945251,0.3839989900588989,0.3839989900588989,0.2879990041255951,0.1000000014901161,0.1000000014901161,0.0769999995827674,0.0680000036954879
Y45.SI,0.3600000143051147,0.4399999976158142,0.4000000059604645,0.6000000238418579,0.3899999856948852,0.1490000039339065,0.0549999997019767,0.0209999997168779,0.0579999983310699
Y92.SI,0.550000011920929,0.7200000286102295,0.6800000071525574,0.8650000095367432,0.9200000166893004,0.7300000190734863,0.7950000166893005,0.824999988079071,0.6549999713897705
Z25.SI,1.1200000047683716,1.0099999904632568,1.0199999809265137,1.3899999856948853,1.850000023841858,1.2699999809265137,1.149999976158142,1.100000023841858,1.149999976158142
Z59.SI,0.6502400040626526,0.5400000214576721,0.4449999928474426,0.574999988079071,0.5049999952316284,0.3400000035762787,0.3149999976158142,0.2750000059604645,0.1340000033378601
Z74.SI,3.5299999713897705,4.079999923706055,3.509999990463257,3.869999885559082,3.539999961853028,3.0199999809265137,3.299999952316284,2.359999895095825,2.430000066757202
Z77.SI,3.5,4.070000171661377,3.509999990463257,3.849999904632568,3.549999952316284,3.0,3.299999952316284,2.369999885559082,2.4600000381469727

