stockcode,year,roc,ey,EBIT,EV,label
1B0,2014,42.48,0.1477395630542937,6830000.0,46230000.0,0
1B0,2015,28.06,0.0443192643830509,10700000.0,241430000.0,1
1B0,2016,19.33,0.05294825511432,25080000.0,473670000.0,0
1B0,2017,9.35,0.0693574816731349,40210000.0,579750000.0,0
1F2,2017,23.22,0.1578418230563002,4710000.0,29840000.0,0
1F3,2017,22.63,0.2889726299087664,43710000.0,151260000.0,0
49B,2014,5.9,0.0281090838759589,8720000.0,310220000.0,0
49B,2015,0.9,-0.0029668463171647,-726640.0,244920000.0,0
49B,2016,-9.28,-0.0699221284879948,-8620000.0,123280000.0,0
49B,2017,-27.72,-0.8718674211802748,-43140000.0,49480000.0,0
500,2015,11.77,0.138661660185061,20680000.0,149140000.0,0
500,2016,14.98,0.1860952380952381,29310000.0,157500000.0,0
500,2017,11.08,0.1215602757383848,21690000.0,178430000.0,0
528,2015,3.88,0.0686359687228497,15010000.0,218690000.0,0
528,2016,2.69,0.0542316761149852,10810000.0,199330000.0,0
528,2017,3.63,0.04978023606104,10080000.0,202490000.0,0
533,2014,8.32,0.1167979002624672,8010000.0,68580000.0,0
533,2015,7.82,0.1203332304844184,7800000.0,64819999.99999999,1
533,2016,5.45,0.085551948051948,5270000.0,61600000.0,0
533,2017,6.29,0.0583714547118023,6380000.0,109300000.0,0
543,2015,8.63,0.0909090909090909,1750000.0,19250000.0,0
543,2016,4.56,0.228391167192429,3620000.0,15850000.0,0
543,2017,4.19,0.1688843398157625,1650000.0,9770000.0,0
544,2014,15.76,0.1504427769891164,44510000.0,295860000.0,0
544,2015,13.77,0.2207021856463421,41300000.0,187130000.0,0
544,2016,8.6,0.1755679790650648,29520000.0,168140000.0,0
544,2017,-25.95,0.1175426542997824,20530000.0,174660000.0,0
554,2014,18.36,0.018998658918194,2550000.0,134220000.0,0
554,2015,-19.96,0.0793028322440087,9100000.0,114750000.0,0
554,2016,1.28,0.0895045285029302,6720000.0,75080000.0,0
554,2017,-6.49,0.0262079244814308,2110000.0,80510000.0,0
558,2014,13.05,0.1473496514832225,27270000.0,185070000.0,1
558,2015,17.81,0.1855777680140597,33790000.0,182080000.0,1
558,2016,11.77,0.1135773209972198,24920000.0,219410000.0,1
558,2017,25.52,0.1111242231138384,56500000.0,508440000.0,1
564,2015,15.64,0.3133680555555556,14440000.0,46080000.0,1
564,2016,11.77,0.2259086110692203,14980000.0,66310000.0,1
564,2017,15.17,0.2585934129152883,17980000.0,69530000.0,1
566,2014,5.18,0.033030381719034,6360000.0,192550000.0,0
566,2015,4.86,-0.0270774976657329,-2320000.0,85680000.0,0
566,2016,2.04,0.0448213204118715,2960000.0,66040000.00000001,0
566,2017,-8.87,-0.0630420815933183,-7850000.0,124520000.0,0
569,2015,10.9,0.1637896427137695,4080000.0,24910000.0,1
569,2016,9.32,0.1166920345002536,4600000.0,39420000.0,1
569,2017,5.46,0.0835635359116022,3630000.0,43440000.0,1
570,2014,25.03,0.1647058823529411,5740000.0,34850000.0,0
570,2015,23.13,0.1478345027824824,6110000.0,41330000.0,0
570,2016,7.95,0.03037120359955,1350000.0,44450000.0,0
570,2017,-24.27,-0.0203498750446269,-570000.0,28010000.0,0
573,2015,25.65,0.2096807844773628,20100000.0,95860000.0,1
573,2016,15.85,0.1313566340897796,15860000.0,120740000.0,1
573,2017,19.03,0.2014606741573033,17930000.0,89000000.0,1
575,2014,3.37,0.0235782586814292,937000.0,39740000.0,0
575,2015,-26.85,-1.4962805526036131,-14080000.0,9410000.0,0
575,2016,1.57,-0.2454739084132055,-4610000.0,18780000.0,0
575,2017,-16.92,-0.2093073593073593,-9670000.0,46200000.0,0
596,2014,-0.36,0.1367658889782783,-1700000.0,-12430000.0,0
596,2015,-5.02,0.1853888452474469,-2360000.0,-12730000.0,0
596,2016,2.18,-0.2467320261437908,-1510000.0,6120000.0,0
596,2017,-4.05,0.0178089044522261,356000.0,19990000.0,0
5AB,2014,4.96,0.0222568632545249,2570000.0,115470000.0,0
5AB,2015,-17.61,-0.1048128342245989,-8820000.0,84150000.0,0
5AB,2016,14.67,0.2893265903646526,10870000.0,37570000.0,0
5AB,2017,17.01,0.3806419257773319,15180000.0,39880000.0,0
5AU,2014,10.21,-535.2422907488987,4860000.0,-9080.0,0
5AU,2015,8.6,0.2147157190635451,3210000.0,14950000.0,0
5AU,2016,6.52,-2.6171875,3350000.0,-1280000.0,0
5AU,2017,4.45,0.1432926829268292,1410000.0,9840000.0,0
5CF,2015,6.8,0.3517460317460317,5540000.0,15750000.0,0
5CF,2016,12.87,0.6432160804020101,11520000.0,17910000.0,0
5CF,2017,10.26,0.5602636534839924,11900000.0,21240000.0,0
5CF,2015,6.8,0.3517460317460317,5540000.0,15750000.0,0
5CF,2016,12.87,0.6432160804020101,11520000.0,17910000.0,0
5CF,2017,10.26,0.5602636534839924,11900000.0,21240000.0,0
5DD,2015,27.32,0.2001412761949611,17000000.0,84940000.0,1
5DD,2016,24.47,0.2155667969648195,18750000.0,86980000.0,1
5DD,2017,28.11,0.1511057384626324,21250000.0,140630000.0,1
5DD,2015,27.32,0.2001412761949611,17000000.0,84940000.0,1
5DD,2016,24.47,0.2155667969648195,18750000.0,86980000.0,1
5DD,2017,28.11,0.1511057384626324,21250000.0,140630000.0,1
5DO,2014,3.41,0.0977005620848237,9560000.0,97850000.0,0
5DO,2015,-8.22,0.0348403635516196,2990000.0,85820000.0,0
5DO,2016,-29.47,-0.1425326519023282,-12550000.0,88050000.0,0
5DP,2015,1.03,-0.0287774142735974,-14250000.0,495180000.0,0
5DP,2016,2.41,0.0459118434702887,19030000.0,414490000.0,0
5DP,2017,11.74,0.0075256556442417,3630000.0,482350000.0,1
5DP,2015,1.03,-0.0287774142735974,-14250000.0,495180000.0,0
5DP,2016,2.41,0.0459118434702887,19030000.0,414490000.0,0
5DP,2017,11.74,0.0075256556442417,3630000.0,482350000.0,1
5GI,2014,-14.41,0.0513317191283292,3180000.0,61950000.0,0
5GI,2015,-95.46,-0.9478032294404808,-25240000.0,26630000.0,0
5GI,2016,-30.52,-0.0472334682860998,-1400000.0,29640000.0,0
5GI,2017,6.09,0.0464530068419157,1290000.0,27770000.0,0
5GJ,2015,2.03,0.1582859641451683,43440000.0,274440000.0,0
5GJ,2016,-895.35,-0.1866440019426906,-38430000.0,205900000.0,0
5GJ,2017,4.28,0.1866314531849336,29680000.0,159030000.0,0
5IC,2015,6.13,0.1313118497843187,31050000.0,236460000.0,1
5IC,2016,7.58,0.1542179103401017,42760000.0,277270000.0,1
5IC,2017,0.59,0.0344018347645207,12900000.0,374980000.0,1
5JK,2014,39.39,0.0101022572932685,9000000.0,890890000.0,1
5JK,2015,-0.75,0.017327056361972,13250000.0,764700000.0,1
5JK,2016,5.87,0.0108447211010066,6690000.0,616890000.0,0
5JK,2017,9.74,0.0577541460944423,45620000.0,789900000.0,0
5JK,2014,39.39,0.0101022572932685,9000000.0,890890000.0,1
5JK,2015,-0.75,0.017327056361972,13250000.0,764700000.0,1
5JK,2016,5.87,0.0108447211010066,6690000.0,616890000.0,0
5JK,2017,9.74,0.0577541460944423,45620000.0,789900000.0,0
5KI,2014,6.97,0.0368891424225137,1940000.0,52590000.0,0
5KI,2015,8.69,0.0562587904360056,2400000.0,42660000.0,0
5KI,2016,10.28,0.0426294820717131,2140000.0,50200000.0,0
5KI,2017,20.05,0.0491007707679132,1720000.0,35030000.0,0
5LY,2015,3.11,0.0570181714122192,15940000.0,279560000.0,0
5LY,2016,-6.0,0.0028273178999268,734000.0,259610000.0,0
5LY,2017,-449.1,-0.2965582810420232,-77980000.0,262950000.0,0
5MZ,2014,18.48,0.1476251604621309,14950000.0,101270000.0,0
5MZ,2015,17.49,0.1654569892473118,12310000.0,74400000.0,0
5MZ,2016,9.78,0.1704066138012485,10100000.0,59270000.0,0
5MZ,2017,7.79,0.1734226295382446,9840000.0,56740000.0,0
5NF,2014,8.12,0.0555083915627244,17000000.0,306260000.0,0
5NF,2015,0.72,0.0017464706738466,480000.0,274840000.0,0
5NF,2016,-11.21,-0.0387904468412943,-10070000.0,259600000.00000003,0
5NF,2017,-227.5,-0.1076113257205926,-25350000.0,235570000.0,0
5NV,2014,3.33,0.013643321852277,713000.0,52260000.0,0
5NV,2015,-2.04,-0.0544973544973544,-2060000.0,37800000.0,0
5NV,2016,3.64,0.1082474226804123,6300000.0,58200000.0,1
5NV,2017,7.82,0.1101270696958028,5720000.0,51940000.0,1
5PC,2015,1.78,-0.0012913759052007,-392320.0,303800000.0,0
5PC,2016,-1.86,-0.0056475469668446,-1470000.0,260290000.00000003,0
5PC,2017,5.65,0.0176979009466319,3870000.0,218670000.0,0
5SO,2014,13.32,0.0751196481697063,23230000.0,309240000.0,0
5SO,2015,15.38,0.0798826040554962,29940000.0,374800000.0,0
5SO,2016,15.59,0.0644292846127708,24650000.0,382590000.0,0
5SO,2017,6.85,0.1016530849825378,21830000.0,214750000.0,0
5SR,2014,32.52,-0.0086942825641833,-2760000.0,317450000.0,0
5SR,2015,49.16,0.0014318961293483,409150.0,285740000.0,0
5SR,2016,69.59,0.013059472716125,2130000.0,163100000.0,0
5SR,2017,31.31,0.0006476856016052,93610.0,144530000.0,0
5TT,2015,30.6,0.2578768095373261,18170000.0,70460000.0,1
5TT,2016,19.56,0.2137546468401487,23000000.0,107600000.0,0
5TT,2017,22.71,0.16672814459609,22600000.0,135550000.0,0
5TT,2015,30.6,0.2578768095373261,18170000.0,70460000.0,1
5TT,2016,19.56,0.2137546468401487,23000000.0,107600000.0,0
5TT,2017,22.71,0.16672814459609,22600000.0,135550000.0,0
5TT,2015,30.6,0.2578768095373261,18170000.0,70460000.0,1
5TT,2016,19.56,0.2137546468401487,23000000.0,107600000.0,0
5TT,2017,22.71,0.16672814459609,22600000.0,135550000.0,0
5VS,2015,15.46,0.0868776456359605,17240000.0,198440000.0,0
5VS,2016,6.26,0.0450616471414154,10270000.0,227910000.0,0
5VS,2017,6.03,0.0470052023387505,10210000.0,217210000.0,0
8A1,2014,-78.4,-0.0544071762870514,-2790000.0,51280000.0,0
8A1,2016,589.35,-0.0021815375115776,-70660.0,32390000.0,0
8A1,2017,5.6,0.0849858356940509,1200000.0,14120000.0,0
A04,2015,1.11,0.0185657248157248,12090000.0,651200000.0,0
A04,2016,0.29,0.0296993578517221,20350000.0,685200000.0,0
A04,2017,-10.71,-0.0379584946199887,-22260000.0,586430000.0,0
A04,2015,1.11,0.0185657248157248,12090000.0,651200000.0,0
A04,2016,0.29,0.0296993578517221,20350000.0,685200000.0,0
A04,2017,-10.71,-0.0379584946199887,-22260000.0,586430000.0,0
A04,2015,1.11,0.0185657248157248,12090000.0,651200000.0,0
A04,2016,0.29,0.0296993578517221,20350000.0,685200000.0,0
A04,2017,-10.71,-0.0379584946199887,-22260000.0,586430000.0,0
A04,2015,1.11,0.0185657248157248,12090000.0,651200000.0,0
A04,2016,0.29,0.0296993578517221,20350000.0,685200000.0,0
A04,2017,-10.71,-0.0379584946199887,-22260000.0,586430000.0,0
A31,2014,-35.31,-0.0268021182319247,-2480000.0,92530000.0,0
A31,2015,-45.01,-0.017136843990686,-956750.0,55830000.0,0
A31,2016,-31.44,-0.0253224284366152,-1610000.0,63580000.0,0
A31,2017,-118.35,-0.0967603824746681,-6780000.0,70070000.0,0
A33,2014,-168.95,-0.1222337739492054,-8230000.0,67330000.0,0
A33,2017,-63.94,-0.0148792491701957,-1300000.0,87370000.0,1
A34,2014,6.47,0.0398594686611492,22010000.0,552190000.0,0
A34,2015,2.5,0.0342186987635746,17740000.0,518430000.0,0
A34,2016,6.2,0.0300683543824437,15880000.0,528130000.0,0
A34,2017,3.71,0.0318974391970145,19830000.0,621680000.0,0
A34,2014,6.47,0.0398594686611492,22010000.0,552190000.0,0
A34,2015,2.5,0.0342186987635746,17740000.0,518430000.0,0
A34,2016,6.2,0.0300683543824437,15880000.0,528130000.0,0
A34,2017,3.71,0.0318974391970145,19830000.0,621680000.0,0
A55,2015,-11.92,-2.613963039014373,-12730000.0,4870000.0,0
A55,2016,2.51,0.2074966532797858,1550000.0,7470000.0,0
A55,2017,1.5,0.1263966480446927,905000.0,7160000.0,0
A55,2015,-11.92,-2.613963039014373,-12730000.0,4870000.0,0
A55,2016,2.51,0.2074966532797858,1550000.0,7470000.0,0
A55,2017,1.5,0.1263966480446927,905000.0,7160000.0,0
A55,2015,-11.92,-2.613963039014373,-12730000.0,4870000.0,0
A55,2016,2.51,0.2074966532797858,1550000.0,7470000.0,0
A55,2017,1.5,0.1263966480446927,905000.0,7160000.0,0
A55,2015,-11.92,-2.613963039014373,-12730000.0,4870000.0,0
A55,2016,2.51,0.2074966532797858,1550000.0,7470000.0,0
A55,2017,1.5,0.1263966480446927,905000.0,7160000.0,0
A55,2015,-11.92,-2.613963039014373,-12730000.0,4870000.0,0
A55,2016,2.51,0.2074966532797858,1550000.0,7470000.0,0
A55,2017,1.5,0.1263966480446927,905000.0,7160000.0,0
A55,2015,-11.92,-2.613963039014373,-12730000.0,4870000.0,0
A55,2016,2.51,0.2074966532797858,1550000.0,7470000.0,0
A55,2017,1.5,0.1263966480446927,905000.0,7160000.0,0
AJ2,2014,-136.78,-0.5543500938869185,-26570000.0,47930000.0,1
AJ2,2015,87.28,0.2846143077138457,20330000.0,71430000.0,0
AJ2,2016,37.83,0.309528180649899,16860000.0,54470000.0,0
AJ2,2017,20.87,0.4793296089385475,8580000.0,17900000.0,1
AJ2,2014,-136.78,-0.5543500938869185,-26570000.0,47930000.0,1
AJ2,2015,87.28,0.2846143077138457,20330000.0,71430000.0,0
AJ2,2016,37.83,0.309528180649899,16860000.0,54470000.0,0
AJ2,2017,20.87,0.4793296089385475,8580000.0,17900000.0,1
AJ2,2014,-136.78,-0.5543500938869185,-26570000.0,47930000.0,1
AJ2,2015,87.28,0.2846143077138457,20330000.0,71430000.0,0
AJ2,2016,37.83,0.309528180649899,16860000.0,54470000.0,0
AJ2,2017,20.87,0.4793296089385475,8580000.0,17900000.0,1
AJ2,2014,-136.78,-0.5543500938869185,-26570000.0,47930000.0,1
AJ2,2015,87.28,0.2846143077138457,20330000.0,71430000.0,0
AJ2,2016,37.83,0.309528180649899,16860000.0,54470000.0,0
AJ2,2017,20.87,0.4793296089385475,8580000.0,17900000.0,1
AJ2,2014,-136.78,-0.5543500938869185,-26570000.0,47930000.0,1
AJ2,2015,87.28,0.2846143077138457,20330000.0,71430000.0,0
AJ2,2016,37.83,0.309528180649899,16860000.0,54470000.0,0
AJ2,2017,20.87,0.4793296089385475,8580000.0,17900000.0,1
AVM,2015,6.45,0.1634117367545735,34390000.0,210450000.0,0
AVM,2016,12.41,0.1258241321788863,31680000.0,251780000.0,1
AVM,2017,9.42,0.1417319186396701,30590000.0,215830000.0,1
AVX,2015,-3.07,0.1326617722383472,7770000.0,58570000.0,0
AVX,2016,-0.22,0.0873637602179836,5130000.0,58720000.0,1
AVX,2017,106.48,-0.4441786283891547,5570000.0,-12540000.0,1
AVX,2015,-3.07,0.1326617722383472,7770000.0,58570000.0,0
AVX,2016,-0.22,0.0873637602179836,5130000.0,58720000.0,1
AVX,2017,106.48,-0.4441786283891547,5570000.0,-12540000.0,1
AWC,2014,-68.64,0.2835820895522388,5890000.0,20770000.0,0
AWC,2015,13.56,0.2639161755075311,4030000.000000001,15270000.0,1
AWC,2016,16.32,0.4513618677042801,3480000.0,7710000.0,1
AWC,2017,12.01,0.2943615257048093,3550000.0,12060000.0,1
AWE,2014,4.63,0.2043596730245231,1500000.0,7340000.0,0
AWE,2015,2.99,0.0094117647058823,160000.0,17000000.0,0
AWE,2016,4.77,-0.0446331109763493,736000.0,-16489999.999999998,0
AWE,2017,1.86,-0.3034079211139405,280000.0,-922850.0,1
AWG,2014,-10.27,0.0211344922232387,231000.0,10930000.0,0
AWG,2015,1.92,-1.0961538461538465,-1710000.0,1560000.0,0
AWG,2016,-4.55,0.5041666666666667,-2420000.0,-4800000.0,1
AWG,2017,-21.24,-0.7177985948477752,-6130000.0,8540000.0,1
AWI,2014,-0.08,0.0077826144308138,1180000.0,151620000.0,0
AWI,2015,4.7,0.0255378311137128,3490000.0,136660000.0,1
AWI,2016,0.35,0.1510207568121636,17680000.0,117070000.0,1
AWI,2017,28.22,0.188436632747456,20370000.0,108100000.0,1
AWK,2014,1.34,0.0780508840017248,1810000.0,23190000.0,0
AWK,2015,-2.4,-0.1584609019445593,-3830000.0,24170000.0,1
AWK,2016,-10.13,-0.1826889585510275,-10490000.0,57420000.0,1
AWK,2017,2.47,0.1125534272597752,7110000.0,63170000.0,1
AWM,2014,10.87,0.8108614232209738,8660000.0,10680000.0,1
AWM,2015,3.44,0.1629187700780174,3550000.0,21790000.0,1
AWM,2016,0.69,0.0249201716738197,580640.0,23300000.0,0
AWM,2017,-101.12,-0.6416124291412975,-30560000.0,47630000.0,0
AWS,2015,-35.81,-0.0133868808567603,-1500000.0,112050000.0,0
AWS,2016,-5.65,0.0414874778649127,3280000.0,79060000.0,0
AWS,2017,-1.37,0.0385639609428937,3910000.0,101390000.0,0
AWV,2014,6.34,0.8586956521739131,2370000.0,2760000.0,0
AWV,2015,7.7,0.7680851063829788,3610000.0,4700000.0,0
AWV,2016,15.65,0.4962486602357985,4630000.0,9330000.0,0
AWV,2017,3.2,0.2553648068669528,3570000.0,13980000.0,0
AWV,2014,6.34,0.8586956521739131,2370000.0,2760000.0,0
AWV,2015,7.7,0.7680851063829788,3610000.0,4700000.0,0
AWV,2016,15.65,0.4962486602357985,4630000.0,9330000.0,0
AWV,2017,3.2,0.2553648068669528,3570000.0,13980000.0,0
AWZ,2015,5.2,0.2313246320466537,8330000.0,36010000.0,1
AWZ,2016,10.12,0.4724689165186501,13300000.0,28150000.0,1
AWZ,2017,10.93,0.3476661951909476,12290000.0,35350000.0,1
AYN,2014,3.55,0.4740088105726872,5380000.0,11350000.0,0
AYN,2015,5.55,0.1992233009708738,5130000.0,25750000.0,0
AYN,2016,7.99,0.2488038277511961,6760000.0,27170000.0,0
AYN,2017,6.13,0.2395322519803847,6350000.0,26510000.0,0
AYV,2014,-37.97,-0.0181586492513539,-1140000.0,62780000.0,0
AYV,2015,-76.47,-0.081268221574344,-2230000.0,27440000.0,0
AYV,2016,3.58,0.0197569994717379,374000.0,18930000.0,0
AYV,2017,-4.45,0.0009162303664921,21000.0,22920000.0,0
AZA,2015,9.08,0.2358892438764643,4430000.0,18780000.0,0
AZA,2016,-7.05,-0.085360459973463,-3860000.0,45220000.0,0
AZA,2017,-5.29,-0.1021647307286166,-3870000.0,37880000.0,0
AZT,2014,1.42,0.1072740631888317,1460000.0,13610000.0,0
AZT,2015,-2.58,0.0281070681723128,672040.0,23910000.0,0
AZT,2016,1.14,0.048351395730706,588920.0,12180000.0,1
AZT,2017,-4.66,-0.040260556621881,-839030.0,20840000.0,0
B26,2014,3.38,0.0721476510067114,1720000.0,23840000.0,1
B26,2015,10.69,0.2027097446586764,3890000.0,19190000.0,1
B26,2016,10.61,0.1850481125092524,2500000.0,13510000.0,1
B26,2017,18.57,0.3019680196801967,4910000.0,16260000.000000002,1
B28,2014,3.83,0.0483485441112559,31150000.0,644280000.0,1
B28,2015,5.29,0.049021667577069,35000000.0,713970000.0,0
B28,2016,5.37,0.0414024497921048,25790000.0,622910000.0,0
B28,2017,1.3,0.0352602864898277,26240000.0,744180000.0,0
B49,2014,8.36,0.1658408793211458,29120000.0,175590000.0,0
B49,2015,1.88,0.0605891472868217,9770000.0,161250000.0,0
B49,2016,2.75,0.0614169420488434,7620000.0,124070000.0,0
B49,2017,3.48,0.0711529184756391,5900000.0,82920000.0,1
B49,2014,8.36,0.1658408793211458,29120000.0,175590000.0,0
B49,2015,1.88,0.0605891472868217,9770000.0,161250000.0,0
B49,2016,2.75,0.0614169420488434,7620000.0,124070000.0,0
B49,2017,3.48,0.0711529184756391,5900000.0,82920000.0,1
B49,2014,8.36,0.1658408793211458,29120000.0,175590000.0,0
B49,2015,1.88,0.0605891472868217,9770000.0,161250000.0,0
B49,2016,2.75,0.0614169420488434,7620000.0,124070000.0,0
B49,2017,3.48,0.0711529184756391,5900000.0,82920000.0,1
B69,2015,-55.2,-0.102533919831485,-16550000.0,161410000.0,0
B69,2016,-28.19,-0.493583868010999,-21540000.0,43640000.0,0
B69,2017,0.97,0.1962689467547609,10100000.0,51460000.0,0
B69,2015,-55.2,-0.102533919831485,-16550000.0,161410000.0,0
B69,2016,-28.19,-0.493583868010999,-21540000.0,43640000.0,0
B69,2017,0.97,0.1962689467547609,10100000.0,51460000.0,0
B9S,2015,-0.74,-0.0076616288832913,-365000.0,47640000.0,0
B9S,2016,-6.17,-0.2488605287146764,-8189999.999999999,32910000.0,0
B9S,2017,-8.41,-0.217028746982664,-9890000.0,45570000.0,0
BAZ,2015,-48.99,68.01291070098486,-41090000.0,-604150.0,0
BAZ,2016,-3.17,0.1840958605664488,-5070000.0,-27540000.0,1
BAZ,2017,21.01,0.0547479121558923,-1770000.0,-32330000.0,0
BBP,2014,-11.01,-0.3827249728948319,-21180000.0,55340000.0,0
BBP,2015,-1.8,-0.0725133689839572,-3390000.0,46750000.0,0
BBP,2016,1.24,0.0333531864204883,1680000.0,50370000.0,0
BBP,2017,-3.47,-0.0824399260628465,-4460000.0,54100000.0,0
BBW,2014,3.22,0.0950570342205323,1500000.0,15780000.0,0
BBW,2015,1.32,-0.2246220302375809,-1040000.0,4630000.0,1
BBW,2016,-26.2,-0.6214057507987221,-3890000.0,6260000.0,1
BBW,2017,2.2,-10.672703751617076,-1650000.0,154600.0,1
BCD,2015,-1.67,-0.0231206846251094,-9510000.0,411320000.0,0
BCD,2016,-5.52,-0.0272469550608987,-5190000.0,190480000.0,0
BCD,2017,-2.09,-0.0624632856863129,-6380000.0,102140000.0,0
BCV,2015,0.04,0.0254687039764359,691730.0,27160000.0,0
BCV,2016,0.14,0.0025796948974224,49040.0,19010000.0,1
BCV,2017,0.67,0.0434924787442773,1330000.0,30580000.0,1
BCY,2014,5.94,0.0073803730738037,91000.0,12330000.0,1
BCY,2015,6.02,0.145985401459854,1600000.0,10960000.0,1
BCY,2016,8.36,0.1495652173913043,2580000.0,17250000.0,1
BCY,2017,8.42,0.1667684789248625,5460000.0,32740000.000000004,1
BCZ,2014,-17.02,-0.1576193590582079,-2410000.0,15290000.0,0
BCZ,2015,-2.53,0.057909604519774,615000.0,10620000.0,0
BCZ,2016,-0.6,0.0126968973747016,532000.0,41900000.0,0
BCZ,2017,-2.66,-0.0418535127055306,-1400000.0,33450000.000000004,0
BDA,2015,13.43,0.4617629889083479,7910000.0,17130000.0,1
BDA,2016,11.59,0.6311188811188811,10830000.0,17160000.0,1
BDA,2017,12.82,0.2184068676382511,10940000.0,50090000.0,0
BDF,2015,7.7,0.0732598384822458,11430000.0,156020000.0,0
BDF,2016,10.84,0.0752924350002554,14740000.0,195770000.0,1
BDF,2017,11.33,0.0701369206818091,17570000.0,250510000.0,1
BDR,2014,5.12,0.0811347743165925,10210000.0,125840000.0,0
BDR,2015,-13.25,0.1332345038450847,14380000.0,107930000.0,0
BDR,2016,7.01,0.1067064506962205,15020000.0,140760000.0,0
BDR,2017,17.4,0.1093626677190213,22170000.0,202720000.0,1
BDU,2014,-45.3,-0.348235294117647,-14800000.0,42500000.0,0
BDU,2015,29.37,1.2403598971722365,19300000.0,15560000.0,1
BDU,2016,8.79,-0.0959902794653706,-3160000.0,32920000.0,0
BDU,2017,4.63,0.0157306674507497,1070000.0,68020000.0,0
BDU,2014,-45.3,-0.348235294117647,-14800000.0,42500000.0,0
BDU,2015,29.37,1.2403598971722365,19300000.0,15560000.0,1
BDU,2016,8.79,-0.0959902794653706,-3160000.0,32920000.0,0
BDU,2017,4.63,0.0157306674507497,1070000.0,68020000.0,0
BEC,2015,8.49,0.1065645642134798,18230000.0,171070000.0,1
BEC,2016,4.57,0.1217047141140716,17220000.0,141490000.0,1
BEC,2017,1.01,0.0447405997144217,9400000.0,210100000.0,1
BEH,2014,-8.35,-0.0370670447640267,-9150000.0,246850000.0,0
BEH,2015,-70.45,-0.5796092796092797,-94940000.0,163800000.0,0
BEH,2016,25.05,0.1204411764705882,8189999.999999999,68000000.0,0
BEH,2017,5.37,0.0878355419639823,5170000.0,58860000.0,0
BEI,2014,6.64,0.0105499827049463,305000.0,28910000.0,1
BEI,2015,8.39,0.0531468531468531,988000.0,18590000.0,1
BEI,2016,8.66,0.0941538461538461,1530000.0,16250000.0,1
BEI,2017,14.54,-0.093235294117647,-634000.0,6800000.0,1
BEW,2014,-17.94,-0.0691875439007258,-11820000.0,170840000.0,0
BEW,2015,3.21,0.0242164416893575,4180000.0,172610000.0,1
BEW,2016,4.98,0.0229498887995078,4850000.0,211330000.0,1
BEW,2017,17.89,0.1519823788546255,31740000.0,208840000.0,1
BEZ,2014,-4.21,-0.0179192137120939,-2990000.0,166860000.0,0
BEZ,2015,-0.91,-0.0477936184657162,-3520000.0,73650000.0,0
BEZ,2016,0.14,0.035809577306558,2550000.0,71210000.0,0
BEZ,2017,-7.18,-0.0466288594833018,-2960000.0,63480000.0,0
BFI,2014,-3.88,0.0209097311605993,8610000.0,411770000.0,0
BFI,2015,2.64,0.057924040044959,22160000.0,382570000.0,0
BFI,2016,4.38,0.110938331219053,27110000.0,244370000.0,0
BFI,2017,11.71,0.2807865114256727,58120000.0,206990000.0,0
BFK,2014,-4.16,0.3196049382716049,-776640.0,-2430000.0,0
BFK,2015,2.7,-0.0395929411764705,168270.0,-4250000.0,0
BFK,2016,-4.82,-0.1100856219709208,-681430.0,6190000.0,0
BFK,2017,-2.77,-0.0861809523809523,-180980.0,2100000.0,0
BFT,2014,3.22,0.3718085106382979,6990000.0,18800000.0,0
BFT,2015,-7.25,-0.3630880579010856,-3010000.0,8289999.999999999,0
BFT,2016,-6.82,-2.2,-6160000.0,2800000.0,0
BFT,2017,-5.36,-0.5637795275590551,-3580000.0,6350000.0,0
BFU,2015,0.82,0.0277722277722277,2780000.0,100100000.0,0
BFU,2016,12.36,0.0186954715413377,1800000.0,96280000.0,0
BFU,2017,1.3,0.0408823189744774,3540000.0,86590000.0,1
BHD,2014,-68.11,0.4825907899663048,-12890000.0,-26710000.0,0
BHD,2015,-30.52,-0.7560975609756097,-8369999.999999999,11070000.0,0
BHD,2016,-9.63,-0.0619290911905867,-4000000.0,64590000.0,0
BHD,2017,-16.26,-0.0520185096537418,-3260000.0,62670000.0,0
BHD,2014,-68.11,0.4825907899663048,-12890000.0,-26710000.0,0
BHD,2015,-30.52,-0.7560975609756097,-8369999.999999999,11070000.0,0
BHD,2016,-9.63,-0.0619290911905867,-4000000.0,64590000.0,0
BHD,2017,-16.26,-0.0520185096537418,-3260000.0,62670000.0,0
BHU,2014,10.6,-0.5773420479302832,2650000.0,-4590000.0,1
BHU,2015,9.19,-0.6225165562913907,3760000.0,-6040000.0,1
BHU,2016,7.38,1.1809815950920246,3850000.0,3260000.0,1
BHU,2017,12.67,0.5236220472440944,7980000.0,15240000.0,0
BIP,2014,4.91,0.0145934580089955,10480000.0,718130000.0,0
BIP,2015,1.58,0.0299246383189394,21760000.0,727160000.0,0
BIP,2016,0.62,0.0261051797825118,15820000.0,606010000.0,0
BIP,2017,-39.3,-0.0056754893120458,-3210000.0,565590000.0,0
BIX,2015,5.57,0.2356667722521381,7440000.0,31570000.0,0
BIX,2016,7.67,0.3851063829787234,9050000.0,23500000.0,1
BIX,2017,0.13,-0.0050251256281407,-250000.0,49750000.0,0
BJD,2014,7.05,0.0833333333333333,2050000.0,24600000.0,0
BJD,2015,-40.17,-0.2908695652173913,-6690000.0,23000000.0,0
BJD,2016,3.22,0.0889063729346971,1130000.0,12710000.0,0
BJD,2017,2.67,0.0668652271034996,898000.0,13430000.0,0
BJW,2015,-1.52,0.0211565585331452,1050000.0,49630000.0,1
BJW,2016,-5.08,-0.0020382165605095,-96000.0,47100000.0,1
BJW,2017,-0.62,0.0094786729857819,340000.0,35870000.0,1
BJZ,2015,1.8,-0.1092057761732852,-1210000.0,11080000.0,1
BJZ,2016,7.4,0.1729490022172949,1560000.0,9020000.0,1
BJZ,2017,15.81,0.3988015978695073,5990000.0,15020000.0,1
BKA,2014,10.46,0.0979057591623036,14960000.0,152800000.0,0
BKA,2015,7.9,0.1029376450812454,12860000.0,124930000.0,0
BKA,2016,-2.77,-0.0317987152034261,-2970000.0,93400000.0,0
BKA,2017,0.2,0.0452898550724637,3750000.0,82800000.0,1
BKK,2015,1.51,0.1035657506245741,4560000.0,44030000.0,0
BKK,2016,2.03,0.116093366093366,3780000.0,32560000.000000004,0
BKK,2017,1.5,0.0755102040816326,2590000.0,34300000.0,0
BKW,2015,3.28,-0.1524913151364764,614540.0,-4030000.000000001,0
BKW,2016,1.8,-0.0063665730337078,-90660.0,14240000.0,0
BKW,2017,-0.95,-0.0711009174311926,-1240000.0,17440000.0,0
BKX,2014,9.92,0.144132479214938,21150000.0,146740000.0,0
BKX,2015,0.68,0.0456294079931609,4270000.0,93580000.0,1
BKX,2016,4.72,0.1052091112770724,11270000.0,107120000.0,0
BKX,2017,4.28,0.1304347826086956,11430000.0,87630000.0,1
BKZ,2014,-6.43,-0.0580995993131081,-2030000.0,34940000.0,0
BKZ,2015,-3.82,-0.1067880794701986,-1290000.0,12080000.0,0
BKZ,2016,0.65,0.1437615101289134,124900.0,868800.0,1
BKZ,2017,-15.46,1.3925233644859814,-1490000.0,-1070000.0,1
BLA,2015,-8.55,-0.2071393482888488,-12650000.0,61070000.0,0
BLA,2016,-21.08,-0.4953177257525084,-14810000.0,29900000.0,0
BLA,2017,2.0,-0.0398193073448218,-2380000.0,59770000.0,1
BLH,2015,9.04,0.3760373443983402,14500000.0,38560000.0,0
BLH,2016,10.69,0.7782290820471162,19160000.0,24620000.0,1
BLH,2017,6.63,0.2172966246694664,13970000.0,64290000.00000001,0
BLR,2014,22.04,-0.3392857142857143,1140000.0,-3360000.0,0
BLR,2015,-4.29,-0.1493562231759656,-348000.0,2330000.0,0
BLR,2016,11.96,0.001433389544688,34000.0,23720000.0,0
BLR,2017,2.07,0.0397779833487511,1290000.0,32430000.0,0
BLS,2014,3.68,0.1436820325281493,14930000.0,103910000.0,1
BLS,2015,5.74,0.4744292237442922,31170000.0,65700000.0,1
BLS,2016,4.15,0.4192933841357811,24210000.0,57740000.0,1
BLS,2017,5.25,0.1834869551632557,23490000.0,128020000.0,1
BLU,2015,1.34,-0.4721030042918455,1100000.0,-2330000.0,0
BLU,2016,17.93,-0.4544524053224155,-8880000.0,19540000.0,0
BLU,2017,-12.59,-1.237006237006237,-11900000.0,9620000.0,0
BLW,2014,7.62,0.4565130260521042,11390000.0,24950000.0,0
BLW,2015,4.18,0.0734055354993983,1220000.0,16620000.000000002,0
BLW,2016,6.11,0.1887417218543046,5130000.0,27180000.0,0
BLW,2017,6.95,0.2209574824238366,6600000.0,29870000.0,0
BMGU,2017,3.51,0.057748910397917,40810000.0,706680000.0,0
BN2,2014,19.01,0.297316384180791,25260000.0,84960000.0,1
BN2,2015,14.75,0.4371463217461601,21630000.0,49480000.0,1
BN2,2016,17.3,0.1975975549079536,27800000.0,140690000.0,1
BN2,2017,20.55,0.1067291311754684,37590000.0,352200000.0,0
BN2,2014,19.01,0.297316384180791,25260000.0,84960000.0,1
BN2,2015,14.75,0.4371463217461601,21630000.0,49480000.0,1
BN2,2016,17.3,0.1975975549079536,27800000.0,140690000.0,1
BN2,2017,20.55,0.1067291311754684,37590000.0,352200000.0,0
BNE,2014,2.12,0.062766259585345,33150000.0,528150000.0,0
BNE,2015,-11.45,0.0182643625256286,8730000.0,477980000.0,0
BNE,2016,-2.7,0.0198038728423145,10360000.0,523130000.0,0
BNE,2017,1.79,0.0576105029042776,26680000.0,463110000.0,0
BOU,2014,-24.02,-0.143694327238631,-6130000.0,42660000.0,0
BOU,2015,-33.11,-0.7643229166666666,-5870000.0,7680000.0,0
BOU,2016,-53.25,-2.627906976744186,-5650000.0,2150000.0,0
BOU,2017,-843.82,-3.134831460674157,-5580000.0,1780000.0,0
BPF,2014,2.46,0.0741780635811973,16379999.999999998,220820000.0,0
BPF,2015,2.98,0.0635800292206156,12620000.0,198490000.0,0
BPF,2016,1.37,0.0681209337925755,10680000.0,156780000.0,1
BPF,2017,3.33,0.0766723747445174,13880000.0,181030000.0,1
BQC,2015,22.45,45.45454545454545,2370000.0,52140.0,1
BQC,2016,-328.91,-0.0092063492063492,-638000.0,69300000.0,0
BQC,2017,2.64,0.001704859957932,154000.0,90330000.0,0
BQD,2015,-0.1,-8.296683247229637,-4320000.0,520690.00000000006,0
BQD,2016,0.75,-0.0881458966565349,-4930000.0,55930000.0,0
BQD,2017,-13.0,0.0306826178747361,2180000.0,71050000.0,0
BQF,2014,7.61,0.065307595165073,7240000.0,110860000.0,0
BQF,2015,8.41,0.0226277372262773,2170000.0,95900000.0,0
BQF,2016,-1.01,-0.0515500653284238,-4340000.0,84190000.0,0
BQF,2017,-3.48,-0.0738112136266855,-6240000.0,84540000.0,0
BQM,2015,3.46,0.1915218354586184,38900000.0,203110000.0,1
BQM,2016,-2.64,0.1258984465569209,21720000.0,172520000.0,1
BQM,2017,-2.74,0.1509942501197891,25210000.0,166960000.0,1
BQN,2014,2.48,-0.0054451446114073,-337000.0,61890000.0,0
BQN,2015,-2.07,0.0079308712121212,335000.0,42240000.0,0
BQN,2016,-18.35,-0.2063740856844305,-7900000.0,38280000.0,0
BQN,2017,-50.64,-0.61,-15860000.0,26000000.0,1
BQP,2014,-4.98,0.0401545305549051,3430000.0,85420000.0,0
BQP,2015,7.48,0.2412123105764724,15440000.0,64010000.00000001,0
BQP,2016,6.95,0.1853589863913655,11850000.0,63930000.0,0
BQP,2017,3.95,0.0902885110767645,7010000.0,77640000.0,0
BRD,2014,-6.81,0.0153976721629485,1270000.0,82480000.0,0
BRD,2015,3.79,-0.0065242538752217,-846000.0,129670000.0,0
BRD,2016,11.57,0.1297852474323062,13900000.0,107100000.0,0
BRD,2017,4.96,0.1425046792581249,16750000.0,117540000.0,0
BRS,2014,6.36,-0.0759193357058125,-1920000.0,25290000.0,0
BRS,2015,4.1,-0.0737704918032786,-3870000.0,52460000.0,0
BRS,2016,-6.42,-0.063953488372093,-3630000.0,56760000.0,0
BRS,2017,-1.64,-0.030317928548017,-1850000.0,61020000.0,0
BRS,2014,6.36,-0.0759193357058125,-1920000.0,25290000.0,0
BRS,2015,4.1,-0.0737704918032786,-3870000.0,52460000.0,0
BRS,2016,-6.42,-0.063953488372093,-3630000.0,56760000.0,0
BRS,2017,-1.64,-0.030317928548017,-1850000.0,61020000.0,0
BRS,2014,6.36,-0.0759193357058125,-1920000.0,25290000.0,0
BRS,2015,4.1,-0.0737704918032786,-3870000.0,52460000.0,0
BRS,2016,-6.42,-0.063953488372093,-3630000.0,56760000.0,0
BRS,2017,-1.64,-0.030317928548017,-1850000.0,61020000.0,0
BTE,2014,6.57,0.0849411216818575,51070000.0,601240000.0,0
BTE,2015,6.12,0.1062083333333333,50980000.0,480000000.0,0
BTE,2016,6.24,0.0996316796641906,48420000.0,485990000.0,0
BTE,2017,6.93,0.0931644835019068,44950000.0,482480000.0,0
BTG,2015,-3.98,-1.0263157894736843,-7410000.0,7220000.0,0
BTG,2016,0.68,-2.2334096109839816,-9760000.0,4370000.0,0
BTG,2017,-11.45,-0.3384976525821596,-721000.0,2130000.0,1
BTJ,2014,0.26,-0.1745554035567715,-6380000.0,36550000.0,0
BTJ,2015,-28.27,-0.6576867816091954,-18310000.0,27840000.0,0
BTJ,2016,-8.03,0.361864406779661,-4270000.0,-11800000.0,0
BTJ,2017,-4.38,0.1668632075471698,-2830000.0,-16960000.0,1
BTM,2014,24.06,0.3472859327217125,36340000.0,104640000.0,0
BTM,2015,14.16,0.2387859253290357,17780000.0,74460000.0,0
BTM,2016,-4.1,-0.1070577014783023,-4490000.0,41940000.0,1
BTM,2017,1.61,-0.0610774992797464,-2120000.0,34710000.0,1
BTM,2014,24.06,0.3472859327217125,36340000.0,104640000.0,0
BTM,2015,14.16,0.2387859253290357,17780000.0,74460000.0,0
BTM,2016,-4.1,-0.1070577014783023,-4490000.0,41940000.0,1
BTM,2017,1.61,-0.0610774992797464,-2120000.0,34710000.0,1
BTP,2014,5.92,0.1663106934358536,11680000.0,70230000.0,0
BTP,2015,4.11,0.105381670794866,4680000.0,44410000.0,0
BTP,2016,-3.75,-0.3616438356164383,-5280000.0,14600000.0,0
BTP,2017,-5.11,-0.199002493765586,-7980000.0,40100000.0,0
BTX,2014,1.62,-0.0731575562700964,-455040.0,6220000.0,0
BTX,2015,2.77,0.0521778846153846,-434120.0,-8320000.0,0
BTX,2016,-5.74,0.9957446808510638,-4680000.0,-4700000.0,0
BTX,2017,-13.81,0.9600431965442764,-8890000.0,-9260000.0,0
BTX,2014,1.62,-0.0731575562700964,-455040.0,6220000.0,0
BTX,2015,2.77,0.0521778846153846,-434120.0,-8320000.0,0
BTX,2016,-5.74,0.9957446808510638,-4680000.0,-4700000.0,0
BTX,2017,-13.81,0.9600431965442764,-8890000.0,-9260000.0,0
BTX,2014,1.62,-0.0731575562700964,-455040.0,6220000.0,0
BTX,2015,2.77,0.0521778846153846,-434120.0,-8320000.0,0
BTX,2016,-5.74,0.9957446808510638,-4680000.0,-4700000.0,0
BTX,2017,-13.81,0.9600431965442764,-8890000.0,-9260000.0,0
BVP,2015,17.19,0.2425194246982972,14670000.0,60490000.0,1
BVP,2016,7.69,0.1624590930341281,6950000.0,42780000.0,1
BVP,2017,4.9,0.0833044081916001,4800000.0,57620000.0,0
BVQ,2016,9.31,0.0741181562432373,6850000.0,92420000.0,0
BVQ,2017,-3.83,-0.0559240277359059,-3710000.0,66340000.0,0
BVQ,2016,9.31,0.0741181562432373,6850000.0,92420000.0,0
BVQ,2017,-3.83,-0.0559240277359059,-3710000.0,66340000.0,0
BVQ,2016,9.31,0.0741181562432373,6850000.0,92420000.0,0
BVQ,2017,-3.83,-0.0559240277359059,-3710000.0,66340000.0,0
C05,2014,7.62,0.2147335423197492,8220000.000000001,38280000.0,1
C05,2015,11.87,0.5786393562545721,7910000.0,13670000.0,1
C05,2016,8.73,0.186435613982671,6240000.0,33470000.0,1
C05,2017,8.51,0.1067961165048543,3520000.0,32960000.0,0
C06,2014,-8.21,0.0223440632000943,3790000.0,169620000.0,0
C06,2015,-3.67,0.0012306470821754,155000.0,125950000.0,0
C06,2016,-14.25,-0.1253778510579829,-18250000.0,145560000.0,0
C06,2017,-9.3,-0.099678905486528,-14280000.0,143260000.0,0
C06,2014,-8.21,0.0223440632000943,3790000.0,169620000.0,0
C06,2015,-3.67,0.0012306470821754,155000.0,125950000.0,0
C06,2016,-14.25,-0.1253778510579829,-18250000.0,145560000.0,0
C06,2017,-9.3,-0.099678905486528,-14280000.0,143260000.0,0
C06,2014,-8.21,0.0223440632000943,3790000.0,169620000.0,0
C06,2015,-3.67,0.0012306470821754,155000.0,125950000.0,0
C06,2016,-14.25,-0.1253778510579829,-18250000.0,145560000.0,0
C06,2017,-9.3,-0.099678905486528,-14280000.0,143260000.0,0
C13,2014,10.79,0.1117793352927877,24720000.0,221150000.0,0
C13,2015,29.0,0.4443928757904508,76600000.0,172370000.0,0
C13,2016,2.88,0.0231032940825756,6200000.0,268360000.0,0
C13,2017,-28.69,-0.0217403002744443,-4040000.0,185830000.0,0
C13,2014,10.79,0.1117793352927877,24720000.0,221150000.0,0
C13,2015,29.0,0.4443928757904508,76600000.0,172370000.0,0
C13,2016,2.88,0.0231032940825756,6200000.0,268360000.0,0
C13,2017,-28.69,-0.0217403002744443,-4040000.0,185830000.0,0
C13,2014,10.79,0.1117793352927877,24720000.0,221150000.0,0
C13,2015,29.0,0.4443928757904508,76600000.0,172370000.0,0
C13,2016,2.88,0.0231032940825756,6200000.0,268360000.0,0
C13,2017,-28.69,-0.0217403002744443,-4040000.0,185830000.0,0
C33,2015,11.83,0.1881676990753209,20960000.0,111390000.0,0
C33,2016,3.56,0.1762870514820592,25990000.0,147430000.0,0
C33,2017,6.36,0.2473084724606022,31700000.0,128180000.0,0
C33,2015,11.83,0.1881676990753209,20960000.0,111390000.0,0
C33,2016,3.56,0.1762870514820592,25990000.0,147430000.0,0
C33,2017,6.36,0.2473084724606022,31700000.0,128180000.0,0
C41,2014,9.69,0.1041204046385393,21100000.0,202650000.0,1
C41,2015,5.26,0.0791945612123099,15260000.0,192690000.0,1
C41,2016,7.0,0.0947658694384048,17870000.0,188570000.0,1
C41,2017,12.73,0.1931538760191536,29850000.0,154540000.0,1
C41,2014,9.69,0.1041204046385393,21100000.0,202650000.0,1
C41,2015,5.26,0.0791945612123099,15260000.0,192690000.0,1
C41,2016,7.0,0.0947658694384048,17870000.0,188570000.0,1
C41,2017,12.73,0.1931538760191536,29850000.0,154540000.0,1
C41,2014,9.69,0.1041204046385393,21100000.0,202650000.0,1
C41,2015,5.26,0.0791945612123099,15260000.0,192690000.0,1
C41,2016,7.0,0.0947658694384048,17870000.0,188570000.0,1
C41,2017,12.73,0.1931538760191536,29850000.0,154540000.0,1
C76,2015,-28.68,0.8948551448551448,-35830000.0,-40040000.0,1
C76,2016,2.71,0.7681792291627112,-40460000.0,-52670000.0,1
C76,2017,-27.23,0.922321686399076,-31940000.0,-34630000.0,1
C9Q,2014,4.17,-0.1696235395932497,3920000.0,-23110000.0,1
C9Q,2015,7.53,-0.2636746143057503,7520000.0,-28520000.0,1
C9Q,2016,15.15,-2.850220264317181,19410000.0,-6810000.0,1
C9Q,2017,10.5,0.3278914240755311,16670000.000000002,50840000.0,1
C9Q,2014,4.17,-0.1696235395932497,3920000.0,-23110000.0,1
C9Q,2015,7.53,-0.2636746143057503,7520000.0,-28520000.0,1
C9Q,2016,15.15,-2.850220264317181,19410000.0,-6810000.0,1
C9Q,2017,10.5,0.3278914240755311,16670000.000000002,50840000.0,1
C9Q,2014,4.17,-0.1696235395932497,3920000.0,-23110000.0,1
C9Q,2015,7.53,-0.2636746143057503,7520000.0,-28520000.0,1
C9Q,2016,15.15,-2.850220264317181,19410000.0,-6810000.0,1
C9Q,2017,10.5,0.3278914240755311,16670000.000000002,50840000.0,1
CHJ,2014,0.98,0.0279801807053337,4800000.0,171550000.0,0
CHJ,2015,1.14,0.0484052064706616,11640000.0,240470000.0,0
CHJ,2016,-5.46,0.0149407718761941,3910000.0,261700000.0,0
CHJ,2017,2.33,0.05800069554465,15010000.0,258790000.00000003,1
CHZ,2017,20.85,0.1179925778465924,48010000.0,406890000.0,0
CIN,2014,-10.33,-0.0954468466673308,-9580000.0,100370000.0,0
CIN,2015,-50.88,-0.0844458052663808,-13790000.0,163300000.0,0
CIN,2016,-42.54,-0.0618766999093381,-8189999.999999999,132360000.0,0
CIN,2017,25.25,0.0154263986963606,1420000.0,92050000.0,0
CIN,2014,-10.33,-0.0954468466673308,-9580000.0,100370000.0,0
CIN,2015,-50.88,-0.0844458052663808,-13790000.0,163300000.0,0
CIN,2016,-42.54,-0.0618766999093381,-8189999.999999999,132360000.0,0
CIN,2017,25.25,0.0154263986963606,1420000.0,92050000.0,0
CJN,2015,4.09,0.051560760353021,759490.0,14730000.0,0
CJN,2016,-11.45,-0.1447154471544715,-1780000.0,12300000.0,0
CJN,2017,-12.86,-0.0900447427293064,-1610000.0,17880000.0,0
CLN,2017,23.14,0.1409633631452308,31050000.0,220270000.0,0
CLN,2017,23.14,0.1409633631452308,31050000.0,220270000.0,0
CNE,2017,14.02,0.0424130663856691,4830000.0,113880000.0,0
CNE,2017,14.02,0.0424130663856691,4830000.0,113880000.0,0
CTO,2014,1.19,-0.0393621316108195,-1950000.0,49540000.0,0
CTO,2015,5.36,-0.0599484314568113,-2790000.0,46540000.0,0
CTO,2016,4.64,0.0033643122676579,181000.0,53800000.0,0
CTO,2017,1.43,-0.0986420218785364,-5230000.0,53020000.0,0
CTO,2014,1.19,-0.0393621316108195,-1950000.0,49540000.0,0
CTO,2015,5.36,-0.0599484314568113,-2790000.0,46540000.0,0
CTO,2016,4.64,0.0033643122676579,181000.0,53800000.0,0
CTO,2017,1.43,-0.0986420218785364,-5230000.0,53020000.0,0
CTO,2014,1.19,-0.0393621316108195,-1950000.0,49540000.0,0
CTO,2015,5.36,-0.0599484314568113,-2790000.0,46540000.0,0
CTO,2016,4.64,0.0033643122676579,181000.0,53800000.0,0
CTO,2017,1.43,-0.0986420218785364,-5230000.0,53020000.0,0
CTO,2014,1.19,-0.0393621316108195,-1950000.0,49540000.0,0
CTO,2015,5.36,-0.0599484314568113,-2790000.0,46540000.0,0
CTO,2016,4.64,0.0033643122676579,181000.0,53800000.0,0
CTO,2017,1.43,-0.0986420218785364,-5230000.0,53020000.0,0
CTO,2014,1.19,-0.0393621316108195,-1950000.0,49540000.0,0
CTO,2015,5.36,-0.0599484314568113,-2790000.0,46540000.0,0
CTO,2016,4.64,0.0033643122676579,181000.0,53800000.0,0
CTO,2017,1.43,-0.0986420218785364,-5230000.0,53020000.0,0
CTO,2014,1.19,-0.0393621316108195,-1950000.0,49540000.0,0
CTO,2015,5.36,-0.0599484314568113,-2790000.0,46540000.0,0
CTO,2016,4.64,0.0033643122676579,181000.0,53800000.0,0
CTO,2017,1.43,-0.0986420218785364,-5230000.0,53020000.0,0
CTO,2014,1.19,-0.0393621316108195,-1950000.0,49540000.0,0
CTO,2015,5.36,-0.0599484314568113,-2790000.0,46540000.0,0
CTO,2016,4.64,0.0033643122676579,181000.0,53800000.0,0
CTO,2017,1.43,-0.0986420218785364,-5230000.0,53020000.0,0
CTO,2014,1.19,-0.0393621316108195,-1950000.0,49540000.0,0
CTO,2015,5.36,-0.0599484314568113,-2790000.0,46540000.0,0
CTO,2016,4.64,0.0033643122676579,181000.0,53800000.0,0
CTO,2017,1.43,-0.0986420218785364,-5230000.0,53020000.0,0
D8DU,2015,2.71,0.0744915461896593,33440000.0,448910000.0,0
D8DU,2016,-7.95,0.101397825604615,36560000.0,360560000.0,0
D8DU,2017,-34.6,0.0863023890220715,20880000.0,241940000.0,0
D8DU,2015,2.71,0.0744915461896593,33440000.0,448910000.0,0
D8DU,2016,-7.95,0.101397825604615,36560000.0,360560000.0,0
D8DU,2017,-34.6,0.0863023890220715,20880000.0,241940000.0,0
D8DU,2015,2.71,0.0744915461896593,33440000.0,448910000.0,0
D8DU,2016,-7.95,0.101397825604615,36560000.0,360560000.0,0
D8DU,2017,-34.6,0.0863023890220715,20880000.0,241940000.0,0
DM0,2015,2.18,0.2065727699530516,14960000.0,72420000.0,0
DM0,2016,3.79,0.4848148969186433,21870000.0,45110000.0,0
DM0,2017,4.04,0.2,28620000.0,143100000.0,1
DU4,2014,2.62,0.0200144410848865,8870000.0,443180000.0,0
DU4,2015,-48.37,-0.0776860675192178,-21930000.0,282290000.0,0
DU4,2016,4.43,0.0299179744914892,6310000.0,210910000.0,0
DU4,2017,1.02,0.0001923787055082,37510.0,194980000.0,0
E27,2014,-23.77,-0.3590778097982709,-6230000.0,17350000.0,0
E27,2015,-10.53,-0.0551724137931034,-1360000.0,24650000.0,1
E27,2016,-5.68,0.1323529411764706,-1620000.0,-12240000.0,1
E27,2017,9.79,0.0092459091429225,808000.0,87390000.0,1
E28,2014,5.43,0.1140198229552848,15070000.0,132170000.0,1
E28,2015,4.45,0.1601031814273431,18620000.0,116300000.0,1
E28,2016,7.58,0.1222698072805139,17130000.0,140100000.0,1
E28,2017,13.42,0.1201645722463217,26870000.0,223610000.0,1
E3B,2014,30.85,0.8797470936161533,215670000.0,245150000.0,0
E3B,2015,11.19,0.3794332808593388,81950000.0,215980000.0,0
E3B,2016,4.37,0.1222737658381222,17660000.0,144430000.0,0
E3B,2017,4.18,0.0631785186612706,19670000.0,311340000.0,0
E3B,2014,30.85,0.8797470936161533,215670000.0,245150000.0,0
E3B,2015,11.19,0.3794332808593388,81950000.0,215980000.0,0
E3B,2016,4.37,0.1222737658381222,17660000.0,144430000.0,0
E3B,2017,4.18,0.0631785186612706,19670000.0,311340000.0,0
E6R,2014,0.51,0.0499856637675618,10460000.0,209260000.0,0
E6R,2015,-57.56,-0.1038391069069836,-24370000.0,234690000.0,0
E6R,2016,-80.62,-0.1696642223079891,-21980000.0,129550000.0,0
E6R,2017,11.99,0.0655691372853811,9280000.0,141530000.0,0
E6R,2014,0.51,0.0499856637675618,10460000.0,209260000.0,0
E6R,2015,-57.56,-0.1038391069069836,-24370000.0,234690000.0,0
E6R,2016,-80.62,-0.1696642223079891,-21980000.0,129550000.0,0
E6R,2017,11.99,0.0655691372853811,9280000.0,141530000.0,0
E6R,2014,0.51,0.0499856637675618,10460000.0,209260000.0,0
E6R,2015,-57.56,-0.1038391069069836,-24370000.0,234690000.0,0
E6R,2016,-80.62,-0.1696642223079891,-21980000.0,129550000.0,0
E6R,2017,11.99,0.0655691372853811,9280000.0,141530000.0,0
E6R,2014,0.51,0.0499856637675618,10460000.0,209260000.0,0
E6R,2015,-57.56,-0.1038391069069836,-24370000.0,234690000.0,0
E6R,2016,-80.62,-0.1696642223079891,-21980000.0,129550000.0,0
E6R,2017,11.99,0.0655691372853811,9280000.0,141530000.0,0
ER0,2014,12.98,0.0561883713022781,13220000.0,235280000.0,1
ER0,2015,17.87,0.0864867483889723,17850000.0,206390000.0,1
ER0,2016,11.77,0.1615412729076384,30940000.0,191530000.0,0
ER0,2017,7.73,0.0451679263002549,20200000.0,447220000.0,0
F03,2014,-7.11,0.1828184511214557,34560000.0,189040000.0,1
F03,2015,0.12,0.180316426244765,23250000.0,128940000.0,1
F03,2016,8.38,0.0783323546682325,20010000.0,255450000.0,1
F03,2017,7.92,0.0990422535211267,35160000.0,355000000.0,1
F13,2014,5.89,0.5676359039190898,4490000.0,7910000.0,1
F13,2015,7.97,0.2030970815961882,6820000.0,33580000.0,1
F13,2016,5.99,0.1125815470643056,6040000.0,53650000.0,1
F13,2017,2.71,0.1101762184473726,6940000.0,62990000.0,1
F13,2014,5.89,0.5676359039190898,4490000.0,7910000.0,1
F13,2015,7.97,0.2030970815961882,6820000.0,33580000.0,1
F13,2016,5.99,0.1125815470643056,6040000.0,53650000.0,1
F13,2017,2.71,0.1101762184473726,6940000.0,62990000.0,1
F13,2014,5.89,0.5676359039190898,4490000.0,7910000.0,1
F13,2015,7.97,0.2030970815961882,6820000.0,33580000.0,1
F13,2016,5.99,0.1125815470643056,6040000.0,53650000.0,1
F13,2017,2.71,0.1101762184473726,6940000.0,62990000.0,1
F13,2014,5.89,0.5676359039190898,4490000.0,7910000.0,1
F13,2015,7.97,0.2030970815961882,6820000.0,33580000.0,1
F13,2016,5.99,0.1125815470643056,6040000.0,53650000.0,1
F13,2017,2.71,0.1101762184473726,6940000.0,62990000.0,1
F13,2014,5.89,0.5676359039190898,4490000.0,7910000.0,1
F13,2015,7.97,0.2030970815961882,6820000.0,33580000.0,1
F13,2016,5.99,0.1125815470643056,6040000.0,53650000.0,1
F13,2017,2.71,0.1101762184473726,6940000.0,62990000.0,1
F86,2014,19.23,0.0167458056346945,5290000.0,315900000.0,0
F86,2015,-0.32,0.0135002339728591,5770000.0,427400000.0,0
F86,2016,-1.95,0.0113950998609453,9260000.0,812630000.0,0
F86,2017,0.49,0.0224993747015621,19790000.0,879580000.0,0
F86,2014,19.23,0.0167458056346945,5290000.0,315900000.0,0
F86,2015,-0.32,0.0135002339728591,5770000.0,427400000.0,0
F86,2016,-1.95,0.0113950998609453,9260000.0,812630000.0,0
F86,2017,0.49,0.0224993747015621,19790000.0,879580000.0,0
F9D,2014,13.27,0.1240131254317576,100530000.0,810640000.0,0
F9D,2015,5.96,0.1469651924544187,55860000.0,380090000.0,0
F9D,2016,8.48,0.1308102812653071,50740000.0,387890000.0,1
F9D,2017,6.89,0.1550531516694115,51780000.0,333950000.0,1
FQ7,2014,-2550.0,-0.0954946131243878,-1950000.0,20420000.0,0
FQ7,2017,-44.8,-0.0041102154273801,-295730.0,71950000.0,0
FQ7,2014,-2550.0,-0.0954946131243878,-1950000.0,20420000.0,0
FQ7,2017,-44.8,-0.0041102154273801,-295730.0,71950000.0,0
G0I,2015,10.44,0.5159672736869887,19550000.0,37890000.0,1
G0I,2016,7.06,0.2697952527631817,14890000.0,55190000.0,1
G0I,2017,7.71,0.2807481579444549,14860000.0,52930000.0,0
G0I,2015,10.44,0.5159672736869887,19550000.0,37890000.0,1
G0I,2016,7.06,0.2697952527631817,14890000.0,55190000.0,1
G0I,2017,7.71,0.2807481579444549,14860000.0,52930000.0,0
G41,2014,1.69,-0.0146204400419087,-6140000.0,419960000.0,1
G41,2015,2.67,0.0150016044496737,5610000.0,373960000.0,0
G41,2016,6.5,0.0200492937719215,8460000.0,421960000.0,1
G41,2017,4.56,0.0116913656934954,5270000.0,450760000.0,1
G50,2015,-10.02,-0.2563573883161512,-3730000.0,14550000.0,1
G50,2016,4.23,0.0448920863309352,1560000.0,34750000.0,0
G50,2017,1.09,0.0316636387230729,1220000.0,38530000.0,1
G50,2015,-10.02,-0.2563573883161512,-3730000.0,14550000.0,1
G50,2016,4.23,0.0448920863309352,1560000.0,34750000.0,0
G50,2017,1.09,0.0316636387230729,1220000.0,38530000.0,1
G50,2015,-10.02,-0.2563573883161512,-3730000.0,14550000.0,1
G50,2016,4.23,0.0448920863309352,1560000.0,34750000.0,0
G50,2017,1.09,0.0316636387230729,1220000.0,38530000.0,1
H07,2014,4.97,0.1027761648436151,65489999.99999999,637210000.0,0
H07,2015,4.14,0.091292223841815,57620000.0,631160000.0,0
H07,2016,5.04,0.0763394305216692,54130000.0,709070000.0,0
H07,2017,7.1,0.2018111540585312,91370000.0,452750000.0,0
H12,2014,1.8,0.0394620461297711,17400000.0,440930000.0,0
H12,2015,0.43,0.0323597139740637,13350000.0,412550000.0,0
H12,2016,1.14,0.0373889550325121,16329999.999999998,436760000.0,0
H12,2017,1.1,0.0376589215256466,17180000.0,456200000.0,0
H12,2014,1.8,0.0394620461297711,17400000.0,440930000.0,0
H12,2015,0.43,0.0323597139740637,13350000.0,412550000.0,0
H12,2016,1.14,0.0373889550325121,16329999.999999998,436760000.0,0
H12,2017,1.1,0.0376589215256466,17180000.0,456200000.0,0
H12,2014,1.8,0.0394620461297711,17400000.0,440930000.0,0
H12,2015,0.43,0.0323597139740637,13350000.0,412550000.0,0
H12,2016,1.14,0.0373889550325121,16329999.999999998,436760000.0,0
H12,2017,1.1,0.0376589215256466,17180000.0,456200000.0,0
H18,2014,2.82,0.0373923925821987,29580000.0,791070000.0,1
H18,2015,7.44,0.0403387981867139,23670000.0,586780000.0,1
H18,2016,3.75,0.0453352456077447,31610000.0,697250000.0,0
H18,2017,2.76,0.0508078838535004,40910000.0,805190000.0,0
H19,2015,3.25,0.021180030257186,3500000.0,165250000.0,1
H19,2016,3.18,0.0155614677978013,3100000.0,199210000.0,0
H19,2017,3.68,0.0206246317030053,3850000.0,186670000.0,1
H20,2014,-29.5,-0.0456165359942979,-3840000.0,84180000.0,0
H20,2015,4.48,0.058590511285122,6360000.0,108550000.0,0
H20,2016,-76.95,-0.026244146792987,-2410000.0,91830000.0,0
H20,2014,-29.5,-0.0456165359942979,-3840000.0,84180000.0,0
H20,2015,4.48,0.058590511285122,6360000.0,108550000.0,0
H20,2016,-76.95,-0.026244146792987,-2410000.0,91830000.0,0
H20,2014,-29.5,-0.0456165359942979,-3840000.0,84180000.0,0
H20,2015,4.48,0.058590511285122,6360000.0,108550000.0,0
H20,2016,-76.95,-0.026244146792987,-2410000.0,91830000.0,0
H20,2014,-29.5,-0.0456165359942979,-3840000.0,84180000.0,0
H20,2015,4.48,0.058590511285122,6360000.0,108550000.0,0
H20,2016,-76.95,-0.026244146792987,-2410000.0,91830000.0,0
H20,2014,-29.5,-0.0456165359942979,-3840000.0,84180000.0,0
H20,2015,4.48,0.058590511285122,6360000.0,108550000.0,0
H20,2016,-76.95,-0.026244146792987,-2410000.0,91830000.0,0
H20,2014,-29.5,-0.0456165359942979,-3840000.0,84180000.0,0
H20,2015,4.48,0.058590511285122,6360000.0,108550000.0,0
H20,2016,-76.95,-0.026244146792987,-2410000.0,91830000.0,0
I06,2014,-1.49,-0.1200218221494817,-2200000.0,18330000.0,0
I06,2015,4.53,-0.0810218978102189,-1110000.0,13700000.0,0
I06,2016,1.15,-0.0571742715777899,-1040000.0,18190000.0,0
I06,2017,3.03,0.3093093093093093,2060000.0,6660000.0,1
I07,2014,6.75,0.1626919715320264,13030000.0,80090000.0,0
I07,2015,7.48,0.2118045334118339,14390000.0,67940000.0,1
I07,2016,4.26,0.2209469153515064,15400000.0,69700000.0,1
I07,2017,6.93,0.2333375975438147,18240000.0,78170000.0,1
I11,2014,-2.91,-0.0400384368994234,-1250000.0,31220000.0,0
I11,2015,1.75,0.0381462799495586,1210000.0,31720000.0,0
I11,2016,-0.19,0.0621046578493387,1080000.0,17390000.0,0
I11,2017,-29.39,-0.0105397636537847,-330000.0,31310000.0,0
I15,2014,-1.54,-0.1331577742157087,-11630000.0,87340000.0,0
I15,2015,-13.85,-0.3046062407132243,-22550000.0,74030000.0,1
I15,2016,1.49,-0.1445378151260504,-12040000.0,83300000.0,0
I15,2017,1.23,-0.0634786288616165,-6000000.0,94520000.0,0
I49,2014,-4.69,0.051412781194053,13210000.0,256940000.0,0
I49,2015,-10.36,0.0501672240802675,12150000.0,242190000.0,0
I49,2016,-1.77,0.0742724697398918,14420000.0,194150000.0,0
I49,2017,1.2,0.0517602996254681,13820000.0,267000000.0,0
IX2,2015,-3.15,-0.3475398475398475,-10030000.0,28860000.0,1
IX2,2016,8.41,-1.4015748031496065,17800000.0,-12700000.0,0
IX2,2017,6.67,0.3048298906439854,20070000.0,65840000.0,0
IX2,2015,-3.15,-0.3475398475398475,-10030000.0,28860000.0,1
IX2,2016,8.41,-1.4015748031496065,17800000.0,-12700000.0,0
IX2,2017,6.67,0.3048298906439854,20070000.0,65840000.0,0
J03,2014,-10.27,-0.3607859531772575,-8630000.0,23920000.0,0
J03,2015,-47.58,3.788336933045356,-17540000.0,-4630000.0,0
J03,2016,3.49,0.5343811394891945,2720000.0,5090000.0,1
J03,2017,5.49,0.0083916083916083,432000.0,51480000.0,1
J2T,2015,16.59,0.6622258659561386,32310000.000000004,48790000.0,1
J2T,2016,14.44,-6.708108108108108,24820000.0,-3700000.0,0
J2T,2017,8.24,0.1819525260921769,19700000.0,108270000.0,0
J2T,2015,16.59,0.6622258659561386,32310000.000000004,48790000.0,1
J2T,2016,14.44,-6.708108108108108,24820000.0,-3700000.0,0
J2T,2017,8.24,0.1819525260921769,19700000.0,108270000.0,0
J2T,2015,16.59,0.6622258659561386,32310000.000000004,48790000.0,1
J2T,2016,14.44,-6.708108108108108,24820000.0,-3700000.0,0
J2T,2017,8.24,0.1819525260921769,19700000.0,108270000.0,0
J2T,2015,16.59,0.6622258659561386,32310000.000000004,48790000.0,1
J2T,2016,14.44,-6.708108108108108,24820000.0,-3700000.0,0
J2T,2017,8.24,0.1819525260921769,19700000.0,108270000.0,0
J2T,2015,16.59,0.6622258659561386,32310000.000000004,48790000.0,1
J2T,2016,14.44,-6.708108108108108,24820000.0,-3700000.0,0
J2T,2017,8.24,0.1819525260921769,19700000.0,108270000.0,0
K03,2015,1.83,0.0449136276391554,1170000.0,26050000.0,0
K03,2016,0.09,-0.0062347204161248,-191780.0,30760000.0,0
K03,2017,2.08,0.0018364343237989,66130.0,36010000.0,0
K1Q,2015,12.57,0.2391985825269183,17550000.0,73370000.0,0
K1Q,2016,20.26,0.8658256880733946,30200000.0,34880000.0,0
K1Q,2017,8.43,0.1614987080103359,11250000.0,69660000.0,0
K29,2015,10.34,0.2056274337394799,16370000.000000002,79610000.0,1
K29,2016,2.12,0.0514629049111807,3940000.0,76560000.0,0
K29,2017,8.51,0.1026706231454006,6920000.0,67400000.0,0
K29,2015,10.34,0.2056274337394799,16370000.000000002,79610000.0,1
K29,2016,2.12,0.0514629049111807,3940000.0,76560000.0,0
K29,2017,8.51,0.1026706231454006,6920000.0,67400000.0,0
K29,2015,10.34,0.2056274337394799,16370000.000000002,79610000.0,1
K29,2016,2.12,0.0514629049111807,3940000.0,76560000.0,0
K29,2017,8.51,0.1026706231454006,6920000.0,67400000.0,0
K29,2015,10.34,0.2056274337394799,16370000.000000002,79610000.0,1
K29,2016,2.12,0.0514629049111807,3940000.0,76560000.0,0
K29,2017,8.51,0.1026706231454006,6920000.0,67400000.0,0
K75,2015,7.01,0.1009241245136186,29050000.0,287840000.0,0
K75,2016,3.57,0.0441528589215592,9220000.0,208820000.0,0
K75,2017,4.78,6.775928513954178e-05,16000.0,236130000.0,0
KJ5,2014,8.38,0.2635135135135135,19500000.0,74000000.0,0
KJ5,2015,1.65,0.3051192016263168,16510000.000000002,54110000.0,0
KJ5,2016,0.78,0.3930384336475707,5420000.0,13790000.0,0
KJ5,2017,4.35,0.1231051594045272,18110000.0,147110000.0,0
KUO,2014,-10.73,-0.2736401673640167,-3270000.0,11950000.0,0
KUO,2015,-10.76,28.667090954370625,-10360000.0,-361390.0,0
KUO,2016,0.96,0.0788640595903165,-847000.0,-10740000.0,0
KUO,2017,0.76,0.0477118722732757,5140000.0,107730000.0,0
L02,2014,-4.82,-0.0543731199273511,-9580000.0,176190000.0,0
L02,2015,-19.7,-0.4615384615384615,-26400000.0,57200000.0,0
L02,2016,-10.22,-0.1151185210389021,-10150000.0,88170000.0,0
L02,2017,-12.46,-0.0803997274585509,-7080000.0,88060000.0,0
L03,2014,15.96,0.0871239873563459,41620000.0,477710000.0,0
L03,2015,13.24,0.0375404422801107,22510000.0,599620000.0,0
L03,2016,5.65,0.046171728447631,40120000.0,868930000.0,0
L03,2017,8.37,0.0720138186529086,63370000.0,879970000.0,1
L09,2014,5.69,0.0847156726768377,15270000.0,180250000.0,1
L09,2015,5.4,0.1210677417384399,19820000.0,163710000.0,0
L09,2016,8.54,0.2699794178182887,45910000.0,170050000.0,1
L09,2017,12.23,0.174700295258084,49110000.0,281110000.0,1
L19,2015,10.4,0.0893610453750385,17370000.0,194380000.0,1
L19,2016,9.23,0.1423867491518659,28540000.0,200440000.0,1
L19,2017,5.37,0.1595895497198406,23640000.0,148130000.0,1
L23,2014,3.52,0.0089577887058737,4900000.0,547010000.0,0
L23,2015,-1.4,0.0102714733999854,5630000.0,548120000.0,0
L23,2016,-1.16,0.0254867535951709,12920000.0,506930000.0,1
L23,2017,-3.46,0.0765784114052953,9400000.0,122750000.0,0
L38,2015,0.92,0.0163760267406006,6320000.0,385930000.0,0
L38,2016,1.43,0.0443117536140791,12690000.0,286380000.0,0
L38,2017,1.73,0.0260779249943858,9290000.0,356240000.0,0
LS9,2014,0.03,0.0360981545325491,1780000.0,49310000.0,0
LS9,2015,-146.26,-1.4919540229885058,-58410000.0,39150000.0,0
LS9,2016,3.79,-0.0093687150837988,-385710.0,41170000.0,1
LS9,2017,19.01,0.1320303151176705,3310000.0,25070000.0,1
LUY,2014,0.4,0.0170103092783505,-1320000.0,-77600000.0,0
LUY,2015,-186.06,1.1799444187123669,-101900000.0,-86360000.0,0
LUY,2014,0.4,0.0170103092783505,-1320000.0,-77600000.0,0
LUY,2015,-186.06,1.1799444187123669,-101900000.0,-86360000.0,0
LUY,2014,0.4,0.0170103092783505,-1320000.0,-77600000.0,0
LUY,2015,-186.06,1.1799444187123669,-101900000.0,-86360000.0,0
M05,2014,2.7,0.1097235207693335,16430000.0,149740000.0,0
M05,2015,-13.53,-0.0959513435003631,-10570000.0,110160000.0,0
M05,2016,-13.02,-0.2235945977144176,-19370000.0,86630000.0,0
M05,2017,-32.35,-0.35055280213496,-18390000.0,52460000.0,0
M11,2014,27.26,0.7020517395182873,7870000.0,11210000.0,1
M11,2015,31.44,0.432258064516129,16750000.0,38750000.0,0
M11,2016,-10.89,-0.2105263157894736,-5240000.0,24890000.0,0
M11,2017,-3.07,-0.0631950094928125,-2330000.0,36870000.0,0
M11,2014,27.26,0.7020517395182873,7870000.0,11210000.0,1
M11,2015,31.44,0.432258064516129,16750000.0,38750000.0,0
M11,2016,-10.89,-0.2105263157894736,-5240000.0,24890000.0,0
M11,2017,-3.07,-0.0631950094928125,-2330000.0,36870000.0,0
M14,2014,-19.23,-0.8199371351594072,-18260000.0,22270000.0,1
M14,2015,-13.17,-3.040688575899844,-19430000.0,6390000.0,1
M14,2016,9.6,0.6886153846153846,11190000.0,16250000.0,1
M14,2017,7.36,0.3922077922077922,12080000.0,30800000.0,1
M14,2014,-19.23,-0.8199371351594072,-18260000.0,22270000.0,1
M14,2015,-13.17,-3.040688575899844,-19430000.0,6390000.0,1
M14,2016,9.6,0.6886153846153846,11190000.0,16250000.0,1
M14,2017,7.36,0.3922077922077922,12080000.0,30800000.0,1
M14,2014,-19.23,-0.8199371351594072,-18260000.0,22270000.0,1
M14,2015,-13.17,-3.040688575899844,-19430000.0,6390000.0,1
M14,2016,9.6,0.6886153846153846,11190000.0,16250000.0,1
M14,2017,7.36,0.3922077922077922,12080000.0,30800000.0,1
M14,2014,-19.23,-0.8199371351594072,-18260000.0,22270000.0,1
M14,2015,-13.17,-3.040688575899844,-19430000.0,6390000.0,1
M14,2016,9.6,0.6886153846153846,11190000.0,16250000.0,1
M14,2017,7.36,0.3922077922077922,12080000.0,30800000.0,1
MF6,2015,8.13,0.4060356652949246,2960000.0,7290000.0,0
MF6,2016,4.52,0.0369259962049335,973000.0,26350000.0,0
MF6,2017,3.63,0.5048309178743962,2090000.0,4140000.0,0
MR7,2015,16.58,0.1510402219140083,10890000.0,72100000.0,1
MR7,2016,17.69,0.1588328912466843,14970000.0,94250000.0,1
MR7,2017,18.05,0.0873876809907351,18770000.0,214790000.0,1
MV4,2014,0.41,0.1059484007896208,92850000.0,876370000.0,0
MV4,2015,1.11,0.151734480959833,139620000.0,920160000.0,0
MV4,2016,3.79,0.1788511970222485,105710000.0,591050000.0,1
MV4,2017,6.18,0.0522188892319908,47350000.0,906760000.0,1
N01,2014,24.62,0.075718801746199,20120000.0,265720000.00000003,0
N01,2015,18.51,0.0713016437139049,16050000.0,225100000.0,0
N01,2016,5.48,0.0616663922278939,7490000.0,121460000.0,0
N01,2017,11.23,0.1088923302632651,13360000.0,122690000.0,0
N02,2014,1.8,0.0243723554301833,8640000.0,354500000.0,0
N02,2015,1.45,0.0289129506733418,7450000.0,257670000.00000003,0
N02,2016,2.2,0.0450412977598193,7580000.0,168290000.0,0
N02,2017,0.73,-0.0517557172013187,-9890000.0,191090000.0,0
N08,2014,6.41,0.0925456848199746,10230000.0,110540000.0,0
N08,2015,8.64,0.185037466763355,15310000.0,82740000.0,0
N08,2016,8.36,0.0825322965774811,13480000.0,163330000.0,0
N08,2017,1.43,0.0390252953182014,6310000.0,161690000.0,0
N0Z,2014,2.65,0.0194272557202475,1350000.0,69490000.0,1
N0Z,2015,2.65,0.0166842026153614,1110000.0,66530000.0,1
N0Z,2016,-5.7,-0.092625669813728,-7260000.0,78380000.0,1
N0Z,2017,1.83,0.0252558600198085,1530000.0,60580000.0,1
N0Z,2014,2.65,0.0194272557202475,1350000.0,69490000.0,1
N0Z,2015,2.65,0.0166842026153614,1110000.0,66530000.0,1
N0Z,2016,-5.7,-0.092625669813728,-7260000.0,78380000.0,1
N0Z,2017,1.83,0.0252558600198085,1530000.0,60580000.0,1
N0Z,2014,2.65,0.0194272557202475,1350000.0,69490000.0,1
N0Z,2015,2.65,0.0166842026153614,1110000.0,66530000.0,1
N0Z,2016,-5.7,-0.092625669813728,-7260000.0,78380000.0,1
N0Z,2017,1.83,0.0252558600198085,1530000.0,60580000.0,1
N0Z,2014,2.65,0.0194272557202475,1350000.0,69490000.0,1
N0Z,2015,2.65,0.0166842026153614,1110000.0,66530000.0,1
N0Z,2016,-5.7,-0.092625669813728,-7260000.0,78380000.0,1
N0Z,2017,1.83,0.0252558600198085,1530000.0,60580000.0,1
NO4,2015,-1.46,0.0366675475687103,5550000.0,151360000.0,0
NO4,2016,-11.79,0.0014303620143036,194000.0,135630000.0,0
NO4,2017,-55.38,-0.577690511568669,-54430000.0,94220000.0,0
NPW,2015,-2.0,0.1263818344786375,21150000.0,167350000.0,1
NPW,2016,12.04,0.0787757627683373,16550000.0,210090000.0,1
NPW,2017,5.19,0.0471530999578237,11180000.0,237100000.0,1
NR7,2015,2.36,0.0068556657581972,4880000.0,711820000.0,0
NR7,2016,2.11,0.0001693652191585,100000.0,590440000.0,0
NR7,2017,-0.23,-0.0080661361353627,-5220000.0,647150000.0,0
NR7,2015,2.36,0.0068556657581972,4880000.0,711820000.0,0
NR7,2016,2.11,0.0001693652191585,100000.0,590440000.0,0
NR7,2017,-0.23,-0.0080661361353627,-5220000.0,647150000.0,0
NR7,2015,2.36,0.0068556657581972,4880000.0,711820000.0,0
NR7,2016,2.11,0.0001693652191585,100000.0,590440000.0,0
NR7,2017,-0.23,-0.0080661361353627,-5220000.0,647150000.0,0
NR7,2015,2.36,0.0068556657581972,4880000.0,711820000.0,0
NR7,2016,2.11,0.0001693652191585,100000.0,590440000.0,0
NR7,2017,-0.23,-0.0080661361353627,-5220000.0,647150000.0,0
O08,2014,-5.22,-0.0148070543041732,-848000.0,57270000.0,0
O08,2015,-7.15,-0.0393120393120393,-2080000.0,52910000.0,0
O08,2016,2.52,-0.0222026819081116,-1010000.0,45490000.0,0
O08,2017,10.92,0.0434027777777777,1000000.0,23040000.0,0
O08,2014,-5.22,-0.0148070543041732,-848000.0,57270000.0,0
O08,2015,-7.15,-0.0393120393120393,-2080000.0,52910000.0,0
O08,2016,2.52,-0.0222026819081116,-1010000.0,45490000.0,0
O08,2017,10.92,0.0434027777777777,1000000.0,23040000.0,0
O08,2014,-5.22,-0.0148070543041732,-848000.0,57270000.0,0
O08,2015,-7.15,-0.0393120393120393,-2080000.0,52910000.0,0
O08,2016,2.52,-0.0222026819081116,-1010000.0,45490000.0,0
O08,2017,10.92,0.0434027777777777,1000000.0,23040000.0,0
O08,2014,-5.22,-0.0148070543041732,-848000.0,57270000.0,0
O08,2015,-7.15,-0.0393120393120393,-2080000.0,52910000.0,0
O08,2016,2.52,-0.0222026819081116,-1010000.0,45490000.0,0
O08,2017,10.92,0.0434027777777777,1000000.0,23040000.0,0
O08,2014,-5.22,-0.0148070543041732,-848000.0,57270000.0,0
O08,2015,-7.15,-0.0393120393120393,-2080000.0,52910000.0,0
O08,2016,2.52,-0.0222026819081116,-1010000.0,45490000.0,0
O08,2017,10.92,0.0434027777777777,1000000.0,23040000.0,0
O08,2014,-5.22,-0.0148070543041732,-848000.0,57270000.0,0
O08,2015,-7.15,-0.0393120393120393,-2080000.0,52910000.0,0
O08,2016,2.52,-0.0222026819081116,-1010000.0,45490000.0,0
O08,2017,10.92,0.0434027777777777,1000000.0,23040000.0,0
O9E,2015,-23.44,0.0657247090161561,11350000.0,172690000.0,0
O9E,2016,19.73,-0.4706227967097532,-16020000.0,34040000.0,0
O9E,2017,-46.24,-39.70114942528736,-17270000.0,435000.0,0
P36,2014,2.27,0.0564949386416332,19980000.0,353660000.0,0
P36,2015,3.75,0.0203594762382411,7510000.0,368870000.0,0
P36,2016,2.84,0.0896018585275975,22370000.0,249660000.0,0
P36,2017,1.71,-0.283167495854063,6830000.0,-24120000.0,0
P36,2014,2.27,0.0564949386416332,19980000.0,353660000.0,0
P36,2015,3.75,0.0203594762382411,7510000.0,368870000.0,0
P36,2016,2.84,0.0896018585275975,22370000.0,249660000.0,0
P36,2017,1.71,-0.283167495854063,6830000.0,-24120000.0,0
P52,2015,4.7,0.0709347521345737,44530000.0,627760000.0,0
P52,2016,1.28,0.0188698233784531,11250000.0,596190000.0,0
P52,2017,1.24,0.0206328188304116,10440000.0,505990000.0,0
P74,2014,-0.54,0.0577976625273922,6330000.0,109520000.0,1
P74,2015,-4.03,0.0610766680989503,9950000.0,162910000.0,1
P74,2016,0.93,-0.0026113050863451,-553440.0,211940000.0,0
P74,2017,-2.33,0.0218023255813953,2850000.0,130720000.0,0
P8A,2014,26.15,0.0287006822901216,7740000.0,269680000.0,0
P8A,2015,14.85,0.0130297312458564,5110000.0,392180000.0,0
P8A,2016,4.99,0.0036739974126778,994000.0,270550000.0,0
P8A,2017,-1.52,-0.0007208751323284,-143000.0,198370000.0,0
P8A,2014,26.15,0.0287006822901216,7740000.0,269680000.0,0
P8A,2015,14.85,0.0130297312458564,5110000.0,392180000.0,0
P8A,2016,4.99,0.0036739974126778,994000.0,270550000.0,0
P8A,2017,-1.52,-0.0007208751323284,-143000.0,198370000.0,0
P9D,2015,18.41,0.2152006377889981,40490000.0,188150000.0,0
P9D,2016,9.94,0.1121257970387982,20750000.0,185060000.0,1
P9D,2017,4.03,0.0300419323338503,10460000.0,348180000.0,0
PA3,2014,3.98,0.0646852706143336,25660000.0,396690000.0,0
PA3,2015,-4.99,-0.067299549850693,-30200000.0,448740000.0,0
PA3,2016,-1.5,0.0227419434927255,9160000.0,402780000.0,0
PA3,2017,-5.24,0.0237329850821236,9450000.0,398180000.0,0
Q01,2014,10.83,0.1126908996782901,60950000.0,540860000.0,0
Q01,2015,11.96,0.1139928137186451,66940000.0,587230000.0,0
Q01,2016,23.3,0.1005097269602096,76310000.0,759230000.0,0
Q01,2017,5.4,0.062838084492085,37870000.0,602660000.0,0
Q01,2014,10.83,0.1126908996782901,60950000.0,540860000.0,0
Q01,2015,11.96,0.1139928137186451,66940000.0,587230000.0,0
Q01,2016,23.3,0.1005097269602096,76310000.0,759230000.0,0
Q01,2017,5.4,0.062838084492085,37870000.0,602660000.0,0
Q01,2014,10.83,0.1126908996782901,60950000.0,540860000.0,0
Q01,2015,11.96,0.1139928137186451,66940000.0,587230000.0,0
Q01,2016,23.3,0.1005097269602096,76310000.0,759230000.0,0
Q01,2017,5.4,0.062838084492085,37870000.0,602660000.0,0
QC7,2014,8.15,0.0374473090873443,11460000.0,306030000.0,1
QC7,2015,7.31,0.0258892725560493,15670000.0,605270000.0,0
QC7,2016,16.65,0.03521446894178,21690000.0,615940000.0,0
QC7,2017,14.77,0.0221079311046565,11950000.0,540530000.0,0
QES,2015,16.63,0.4701266857376379,57520000.0,122350000.0,1
QES,2016,16.97,0.3497317657801621,61280000.0,175220000.0,1
QES,2017,21.77,0.2994353694254053,99170000.0,331190000.0,1
QS9,2014,9.49,0.1140798952193844,8710000.0,76350000.0,0
QS9,2015,-1.98,-0.0987554112554112,-3650000.0,36960000.0,0
QS9,2016,-4.88,0.0581524763494713,2090000.0,35940000.0,0
QS9,2017,5.44,0.1090275917492633,4070000.000000001,37330000.0,0
RE4,2014,-7.74,-0.0409292364436776,-13760000.0,336190000.0,0
RE4,2015,-4.14,-0.0382338144808637,-9880000.0,258410000.00000003,0
RE4,2016,12.64,0.1698693312836279,46410000.0,273210000.0,1
RE4,2017,11.66,0.2460343240755779,90890000.0,369420000.0,1
RQ1,2015,4.88,0.0724132091447925,21380000.0,295250000.0,0
RQ1,2016,1.75,0.0637614301013263,15480000.0,242780000.0,0
RQ1,2017,2.21,0.0681915715389237,15890000.0,233020000.0,0
RS1,2015,-8.51,-0.0797323352614267,-7030000.0,88170000.0,0
RS1,2016,-13.38,-0.0623220242453828,-7660000.0,122910000.0,0
RS1,2017,-3.26,-0.0605403843375234,-4190000.000000001,69210000.0,0
RS1,2015,-8.51,-0.0797323352614267,-7030000.0,88170000.0,0
RS1,2016,-13.38,-0.0623220242453828,-7660000.0,122910000.0,0
RS1,2017,-3.26,-0.0605403843375234,-4190000.000000001,69210000.0,0
RS1,2015,-8.51,-0.0797323352614267,-7030000.0,88170000.0,0
RS1,2016,-13.38,-0.0623220242453828,-7660000.0,122910000.0,0
RS1,2017,-3.26,-0.0605403843375234,-4190000.000000001,69210000.0,0
RS1,2015,-8.51,-0.0797323352614267,-7030000.0,88170000.0,0
RS1,2016,-13.38,-0.0623220242453828,-7660000.0,122910000.0,0
RS1,2017,-3.26,-0.0605403843375234,-4190000.000000001,69210000.0,0
S19,2014,5.17,0.0324956672443674,9000000.0,276960000.0,1
S19,2015,6.18,0.0661847658045376,15840000.0,239330000.0,1
S19,2016,5.68,0.0737739671173505,15660000.0,212270000.0,0
S19,2017,6.95,0.0932751540041067,18170000.0,194800000.0,1
S19,2014,5.17,0.0324956672443674,9000000.0,276960000.0,1
S19,2015,6.18,0.0661847658045376,15840000.0,239330000.0,1
S19,2016,5.68,0.0737739671173505,15660000.0,212270000.0,0
S19,2017,6.95,0.0932751540041067,18170000.0,194800000.0,1
S23,2015,2.17,0.0,0.0,94350000.0,0
S23,2016,1.03,0.0,0.0,61440000.0,0
S23,2017,1.94,0.0,0.0,96670000.0,0
S29,2014,1.06,0.0752028397565923,14830000.0,197200000.0,0
S29,2015,1.6,0.0541315871531025,8680000.0,160350000.0,0
S29,2016,5.1,0.0833445991618223,12330000.0,147940000.0,0
S29,2017,3.27,0.060253912809834,8970000.0,148870000.0,0
S29,2014,1.06,0.0752028397565923,14830000.0,197200000.0,0
S29,2015,1.6,0.0541315871531025,8680000.0,160350000.0,0
S29,2016,5.1,0.0833445991618223,12330000.0,147940000.0,0
S29,2017,3.27,0.060253912809834,8970000.0,148870000.0,0
S35,2014,4.07,-0.1116611137553545,35190000.0,-315150000.0,1
S35,2015,4.08,-0.1052655015028387,47280000.0,-449150000.0,1
S35,2016,4.37,-0.1081714359513662,58630000.0,-542010000.0,1
S35,2017,6.86,-0.1774631865006636,56160000.0,-316460000.0,1
S3N,2015,17.44,0.0640892995059965,43980000.0,686230000.0,0
S3N,2016,-8.02,-0.0205004314063848,-5940000.0,289750000.0,0
S3N,2017,-50.46,-0.0736583985664434,-15620000.0,212060000.0,0
S3N,2015,17.44,0.0640892995059965,43980000.0,686230000.0,0
S3N,2016,-8.02,-0.0205004314063848,-5940000.0,289750000.0,0
S3N,2017,-50.46,-0.0736583985664434,-15620000.0,212060000.0,0
S44,2014,5.78,0.0211607474322484,1710000.0,80810000.0,0
S44,2015,-2.26,-0.1092489919354838,-8670000.0,79360000.0,0
S44,2016,2.53,-0.1011097410604192,-4920000.0,48660000.0,0
S44,2017,1.63,-0.0934579439252336,-6600000.0,70620000.0,1
S44,2014,5.78,0.0211607474322484,1710000.0,80810000.0,0
S44,2015,-2.26,-0.1092489919354838,-8670000.0,79360000.0,0
S44,2016,2.53,-0.1011097410604192,-4920000.0,48660000.0,0
S44,2017,1.63,-0.0934579439252336,-6600000.0,70620000.0,1
S56,2014,3.8,0.0922927461139896,22800000.0,247040000.0,1
S56,2015,1.21,0.0971892507834013,20470000.0,210620000.0,0
S56,2016,-1.65,-9.0637304943853e-05,-12430.0,137140000.0,1
S56,2017,4.73,0.0804748475109857,12270000.0,152470000.0,1
S56,2014,3.8,0.0922927461139896,22800000.0,247040000.0,1
S56,2015,1.21,0.0971892507834013,20470000.0,210620000.0,0
S56,2016,-1.65,-9.0637304943853e-05,-12430.0,137140000.0,1
S56,2017,4.73,0.0804748475109857,12270000.0,152470000.0,1
S56,2014,3.8,0.0922927461139896,22800000.0,247040000.0,1
S56,2015,1.21,0.0971892507834013,20470000.0,210620000.0,0
S56,2016,-1.65,-9.0637304943853e-05,-12430.0,137140000.0,1
S56,2017,4.73,0.0804748475109857,12270000.0,152470000.0,1
S56,2014,3.8,0.0922927461139896,22800000.0,247040000.0,1
S56,2015,1.21,0.0971892507834013,20470000.0,210620000.0,0
S56,2016,-1.65,-9.0637304943853e-05,-12430.0,137140000.0,1
S56,2017,4.73,0.0804748475109857,12270000.0,152470000.0,1
S56,2014,3.8,0.0922927461139896,22800000.0,247040000.0,1
S56,2015,1.21,0.0971892507834013,20470000.0,210620000.0,0
S56,2016,-1.65,-9.0637304943853e-05,-12430.0,137140000.0,1
S56,2017,4.73,0.0804748475109857,12270000.0,152470000.0,1
S56,2014,3.8,0.0922927461139896,22800000.0,247040000.0,1
S56,2015,1.21,0.0971892507834013,20470000.0,210620000.0,0
S56,2016,-1.65,-9.0637304943853e-05,-12430.0,137140000.0,1
S56,2017,4.73,0.0804748475109857,12270000.0,152470000.0,1
S69,2015,8.43,0.1203949629722213,38530000.0,320030000.0,0
S69,2016,3.24,0.1110216016231053,37210000.0,335160000.0,0
S69,2017,6.67,0.1432498149910138,54200000.0,378360000.0,0
S71,2015,3.98,0.1721453287197231,7960000.0,46240000.0,1
S71,2016,1.74,0.2629996994289149,8750000.0,33270000.000000004,1
S71,2017,11.25,0.2062346855431527,15150000.0,73460000.0,1
S71,2015,3.98,0.1721453287197231,7960000.0,46240000.0,1
S71,2016,1.74,0.2629996994289149,8750000.0,33270000.000000004,1
S71,2017,11.25,0.2062346855431527,15150000.0,73460000.0,1
S7P,2014,26.51,0.208294930875576,22600000.0,108500000.0,0
S7P,2015,21.17,0.1367498847243264,20760000.0,151810000.0,0
S7P,2016,12.57,0.1172077922077922,14440000.0,123200000.0,0
S7P,2017,-7.29,-0.0821872593244581,-7470000.0,90890000.0,0
S85,2014,17.89,0.0907789054230745,58320000.0,642440000.0,1
S85,2015,18.0,0.1035311073744895,73270000.0,707710000.0,0
S85,2016,16.13,0.1167902636341056,65830000.0,563660000.0,0
S85,2017,15.66,0.1089310550367574,65790000.00000001,603960000.0,0
S9B,2014,4.22,0.0211623499684144,6030000.0,284940000.0,0
S9B,2015,2.63,0.0008590482649485,228000.0,265410000.00000003,0
S9B,2016,-0.35,0.0230081764594029,6050000.0,262950000.0,0
S9B,2017,-3.06,0.0097990418714614,3150000.0,321460000.0,0
S9B,2014,4.22,0.0211623499684144,6030000.0,284940000.0,0
S9B,2015,2.63,0.0008590482649485,228000.0,265410000.00000003,0
S9B,2016,-0.35,0.0230081764594029,6050000.0,262950000.0,0
S9B,2017,-3.06,0.0097990418714614,3150000.0,321460000.0,0
S9B,2014,4.22,0.0211623499684144,6030000.0,284940000.0,0
S9B,2015,2.63,0.0008590482649485,228000.0,265410000.00000003,0
S9B,2016,-0.35,0.0230081764594029,6050000.0,262950000.0,0
S9B,2017,-3.06,0.0097990418714614,3150000.0,321460000.0,0
S9B,2014,4.22,0.0211623499684144,6030000.0,284940000.0,0
S9B,2015,2.63,0.0008590482649485,228000.0,265410000.00000003,0
S9B,2016,-0.35,0.0230081764594029,6050000.0,262950000.0,0
S9B,2017,-3.06,0.0097990418714614,3150000.0,321460000.0,0
T12,2015,13.13,0.4280496712929145,17580000.0,41070000.0,1
T12,2016,13.71,0.3351903435468895,21660000.0,64620000.00000001,1
T12,2017,18.23,0.1943118264902469,28490000.0,146620000.0,1
T13,2014,-14.35,0.0112100006793939,3300000.0,294380000.0,0
T13,2015,-205.82,-0.0821165605890428,-13160000.0,160260000.0,0
T13,2017,188.42,0.0686935086277732,4180000.0,60850000.0,1
T13,2014,-14.35,0.0112100006793939,3300000.0,294380000.0,0
T13,2015,-205.82,-0.0821165605890428,-13160000.0,160260000.0,0
T13,2017,188.42,0.0686935086277732,4180000.0,60850000.0,1
T13,2014,-14.35,0.0112100006793939,3300000.0,294380000.0,0
T13,2015,-205.82,-0.0821165605890428,-13160000.0,160260000.0,0
T13,2017,188.42,0.0686935086277732,4180000.0,60850000.0,1
T13,2014,-14.35,0.0112100006793939,3300000.0,294380000.0,0
T13,2015,-205.82,-0.0821165605890428,-13160000.0,160260000.0,0
T13,2017,188.42,0.0686935086277732,4180000.0,60850000.0,1
T41,2014,12.36,0.1296332422941865,13290000.0,102520000.0,0
T41,2015,13.56,0.1552199316503142,14080000.0,90710000.0,0
T41,2016,9.61,0.1362277239564645,11390000.0,83610000.0,0
T41,2017,10.54,0.1165658180157552,10210000.0,87590000.0,0
T43,2014,4.16,0.0600205198358413,7020000.0,116960000.0,1
T43,2015,3.79,0.0479067760034527,5550000.0,115850000.0,0
T43,2016,1.1,0.0362523082904072,3730000.0,102890000.0,0
T43,2017,14.91,0.1525351512569237,17900000.0,117350000.0,0
T55,2015,9.17,0.1233811086168192,14290000.0,115820000.0,0
T55,2016,11.49,0.1470555493710341,13210000.0,89830000.0,0
T55,2017,3.72,0.0419942816297355,4700000.0,111920000.0,0
T6I,2014,6.05,0.0268787053356833,6710000.0,249640000.0,0
T6I,2015,6.56,0.0352177571216795,8790000.0,249590000.0,0
T6I,2016,8.17,0.0457558514694667,15600000.0,340940000.0,1
T6I,2017,9.14,0.0516903798459731,19800000.0,383050000.0,1
T6I,2014,6.05,0.0268787053356833,6710000.0,249640000.0,0
T6I,2015,6.56,0.0352177571216795,8790000.0,249590000.0,0
T6I,2016,8.17,0.0457558514694667,15600000.0,340940000.0,1
T6I,2017,9.14,0.0516903798459731,19800000.0,383050000.0,1
U09,2014,5.22,0.051333898636749,7870000.0,153310000.0,0
U09,2015,7.2,0.0957652076774652,9430000.0,98470000.0,0
U09,2016,7.04,0.0640907520442243,11130000.0,173660000.0,1
U09,2017,5.61,0.1007445791618453,40050000.0,397540000.0,0
U09,2014,5.22,0.051333898636749,7870000.0,153310000.0,0
U09,2015,7.2,0.0957652076774652,9430000.0,98470000.0,0
U09,2016,7.04,0.0640907520442243,11130000.0,173660000.0,1
U09,2017,5.61,0.1007445791618453,40050000.0,397540000.0,0
U09,2014,5.22,0.051333898636749,7870000.0,153310000.0,0
U09,2015,7.2,0.0957652076774652,9430000.0,98470000.0,0
U09,2016,7.04,0.0640907520442243,11130000.0,173660000.0,1
U09,2017,5.61,0.1007445791618453,40050000.0,397540000.0,0
U13,2015,7.28,0.0,0.0,293260000.0,1
U13,2016,7.15,0.0,0.0,291290000.0,1
U13,2017,9.25,0.0,0.0,448060000.0,1
U13,2015,7.28,0.0,0.0,293260000.0,1
U13,2016,7.15,0.0,0.0,291290000.0,1
U13,2017,9.25,0.0,0.0,448060000.0,1
U77,2014,36.21,0.0512984379416716,41740000.0,813670000.0,0
U77,2015,4.77,0.0154310907903331,7560000.0,489920000.0,0
U77,2016,22.98,0.0509004937069744,29280000.0,575240000.0,0
U77,2017,7.61,0.0416199775892428,13000000.0,312350000.0,0
U77,2014,36.21,0.0512984379416716,41740000.0,813670000.0,0
U77,2015,4.77,0.0154310907903331,7560000.0,489920000.0,0
U77,2016,22.98,0.0509004937069744,29280000.0,575240000.0,0
U77,2017,7.61,0.0416199775892428,13000000.0,312350000.0,0
U77,2014,36.21,0.0512984379416716,41740000.0,813670000.0,0
U77,2015,4.77,0.0154310907903331,7560000.0,489920000.0,0
U77,2016,22.98,0.0509004937069744,29280000.0,575240000.0,0
U77,2017,7.61,0.0416199775892428,13000000.0,312350000.0,0
U77,2014,36.21,0.0512984379416716,41740000.0,813670000.0,0
U77,2015,4.77,0.0154310907903331,7560000.0,489920000.0,0
U77,2016,22.98,0.0509004937069744,29280000.0,575240000.0,0
U77,2017,7.61,0.0416199775892428,13000000.0,312350000.0,0
U77,2014,36.21,0.0512984379416716,41740000.0,813670000.0,0
U77,2015,4.77,0.0154310907903331,7560000.0,489920000.0,0
U77,2016,22.98,0.0509004937069744,29280000.0,575240000.0,0
U77,2017,7.61,0.0416199775892428,13000000.0,312350000.0,0
U77,2014,36.21,0.0512984379416716,41740000.0,813670000.0,0
U77,2015,4.77,0.0154310907903331,7560000.0,489920000.0,0
U77,2016,22.98,0.0509004937069744,29280000.0,575240000.0,0
U77,2017,7.61,0.0416199775892428,13000000.0,312350000.0,0
WJP,2015,22.03,0.0838665132336018,36440000.0,434500000.0,1
WJP,2016,19.02,0.0811189511084421,32420000.0,399660000.0,1
WJP,2017,17.78,0.074781029956574,30480000.0,407590000.0,1
Y03,2014,4.21,0.0235961768219832,20540000.0,870480000.0,0
Y03,2015,5.99,0.0368748769069947,24340000.0,660070000.0,0
Y03,2016,4.53,0.0267337785698897,13650000.0,510590000.0,0
Y03,2017,23.05,-0.0188389169343735,-8210000.000000001,435800000.0,0
Y06,2014,40.16,-0.0002457057505601,-19740.0,80340000.0,1
Y06,2015,5.02,0.0244953742640874,2330000.0,95120000.0,0
Y06,2016,6.3,0.0525544388609715,5020000.0,95520000.0,0
Y06,2017,-1.95,0.0235015092712376,2180000.0,92760000.0,0
Y06,2014,40.16,-0.0002457057505601,-19740.0,80340000.0,1
Y06,2015,5.02,0.0244953742640874,2330000.0,95120000.0,0
Y06,2016,6.3,0.0525544388609715,5020000.0,95520000.0,0
Y06,2017,-1.95,0.0235015092712376,2180000.0,92760000.0,0
Y3D,2014,-17.03,-0.1934139224676948,-4640000.0,23990000.0,0
Y3D,2015,6.56,0.0841219768664563,1600000.0,19020000.0,0
Y3D,2016,5.21,0.1566579634464752,3000000.0,19150000.0,0
Y3D,2017,6.69,0.0761293281357486,3320000.0,43610000.0,0
Y45,2014,-28.89,-0.0773281179479464,-5140000.0,66470000.0,0
Y45,2015,-35.47,-0.1220037705359547,-9060000.0,74260000.0,0
Y45,2016,-17.67,-0.0464128948693962,-6450000.0,138970000.0,0
Y45,2017,-10.7,-0.0379647407924594,-4350000.0,114580000.0,0
Y45,2014,-28.89,-0.0773281179479464,-5140000.0,66470000.0,0
Y45,2015,-35.47,-0.1220037705359547,-9060000.0,74260000.0,0
Y45,2016,-17.67,-0.0464128948693962,-6450000.0,138970000.0,0
Y45,2017,-10.7,-0.0379647407924594,-4350000.0,114580000.0,0
Y45,2014,-28.89,-0.0773281179479464,-5140000.0,66470000.0,0
Y45,2015,-35.47,-0.1220037705359547,-9060000.0,74260000.0,0
Y45,2016,-17.67,-0.0464128948693962,-6450000.0,138970000.0,0
Y45,2017,-10.7,-0.0379647407924594,-4350000.0,114580000.0,0
Y45,2014,-28.89,-0.0773281179479464,-5140000.0,66470000.0,0
Y45,2015,-35.47,-0.1220037705359547,-9060000.0,74260000.0,0
Y45,2016,-17.67,-0.0464128948693962,-6450000.0,138970000.0,0
Y45,2017,-10.7,-0.0379647407924594,-4350000.0,114580000.0,0
Y45,2014,-28.89,-0.0773281179479464,-5140000.0,66470000.0,0
Y45,2015,-35.47,-0.1220037705359547,-9060000.0,74260000.0,0
Y45,2016,-17.67,-0.0464128948693962,-6450000.0,138970000.0,0
Y45,2017,-10.7,-0.0379647407924594,-4350000.0,114580000.0,0
Y45,2014,-28.89,-0.0773281179479464,-5140000.0,66470000.0,0
Y45,2015,-35.47,-0.1220037705359547,-9060000.0,74260000.0,0
Y45,2016,-17.67,-0.0464128948693962,-6450000.0,138970000.0,0
Y45,2017,-10.7,-0.0379647407924594,-4350000.0,114580000.0,0
